,and_nodes,arch,boolVariables,configuration,constraints,data_file,eliminatedImplications,eps_num_subproblems,eps_skipped_subproblems,eps_solved_subproblems,evaluatedHalfReifiedConstraints,evaluatedReifiedConstraints,failures,fixpoint_iterations,flatBoolConstraints,flatBoolVars,flatIntConstraints,flatIntVars,flatTime,free_search,initTime,memory_configuration,method,model,nSolutions,nodes,num_blocks_done,num_solutions,objective,objectiveBound,or_nodes,paths,peakDepth,problem,problem_path,propagations,propagator_mem,propagators,restarts,run,shared_mem,solutions,solveTime,solver,stack_size,status,store_mem,time,timeout_ms,variables,version
0_x,256.0,gpu,,TurboGPU,,../minizinc-benchmarks/rcpsp/data_psplib/j30/J30_1_3.dzn,,1024,1008,16,,8459.0,432,9020,4092.0,12518.0,13430,4365,0.259548,no,8.247999,global,minimize,../minizinc-benchmarks/rcpsp/rcpsp.mzn,1,1816,64,6,47.0,,64,0,32,rcpsp,/tmp/mznfile3biLGw.fzn,,8362872.0,17583,,turbo-v1.0.1,100.0,,82.313,Turbo,32000.0,OPTIMAL_SOLUTION,135800.0,154.01101374700374,294735.0,16944,1.0.1
1_x,256.0,gpu,,TurboGPU,,../minizinc-benchmarks/rcpsp/data_psplib/j30/J30_33_10.dzn,,1024,1016,8,,10141.0,302,6142,4903.0,15012.0,16119,5237,0.325778,no,11.974,global,minimize,../minizinc-benchmarks/rcpsp/rcpsp.mzn,1,1211,64,3,53.0,,64,0,45,rcpsp,/tmp/mznfilevlTLip.fzn,,10020753.0,21083,,turbo-v1.0.1,100.0,,137.413,Turbo,32000.0,OPTIMAL_SOLUTION,162728.0,227.51566728499893,294669.0,20310,1.0.1
2_x,,cpu,,TurboCPU,,../mzn-challenge/2022/roster-sickness/small-4.dzn,,1,0,0,,,151855,0,,309.0,1378,344,0.947247,no,0.177,,maximize,../mzn-challenge/2022/roster-sickness/bool-model-sickness.mzn,1,303731,0,8,14457.0,,0,0,46,roster-sickness,/tmp/mznfileceMNEg.fzn,,,1991,,turbo-v1.0.1,,,299.052,Turbo,,SATISFIED,,300.13444659200104,299052.0,2401,1.0.1
3_x,256.0,gpu,,TurboGPU,,../minizinc-benchmarks/rcpsp/data_psplib/j30/J30_45_5.dzn,,1024,946,27,,9516.0,3591,66226,4603.0,13981.0,15012,4806,0.602875,no,30.404,global,minimize,../minizinc-benchmarks/rcpsp/rcpsp.mzn,1,8918,31,6,92.0,,64,0,41,rcpsp,/tmp/mznfileTXtnY8.fzn,,15831556.0,33448,,turbo-v1.0.1,100.0,,294.44,Turbo,32000.0,SATISFIED,261208.0,300.391456444002,294396.0,32620,1.0.1
4_x,256.0,gpu,,TurboGPU,,../mzn-challenge/2022/generalized-peacable-queens/n8_q3.json,,1024,0,0,,1384.0,77696,2154124,1679.0,1795.0,1796,839,0.151539,no,0.824,store_shared,maximize,../mzn-challenge/2022/generalized-peacable-queens/peaceable_queens.mzn,1,158092,0,2,2.0,,64,0,64,generalized-peacable-queens,/tmp/mznfilek8Ew5P.fzn,,8601192.0,7589,,turbo-v1.0.1,23516.0,,294.866,Turbo,32000.0,SATISFIED,23416.0,300.16907491500024,294847.0,2896,1.0.1
5_x,,cpu,,TurboCPU,,../mzn-challenge/2022/spot5/404.dzn,,1,0,0,,100.0,78087,0,,100.0,1439,811,0.11942,no,0.586,,minimize,../mzn-challenge/2022/spot5/spot5.mzn,1,156272,0,12,141.0,,0,0,100,spot5,/tmp/mznfilewiodeW.fzn,,,7381,,turbo-v1.0.1,,,299.879,Turbo,,SATISFIED,,300.1114400409988,299879.0,1112,1.0.1
6_x,256.0,gpu,,TurboGPU,,../mzn-challenge/2022/roster-sickness/small-4.dzn,,1024,0,19,,,443984,3502719,,309.0,1378,344,0.948414,no,0.193,store_shared,maximize,../mzn-challenge/2022/roster-sickness/bool-model-sickness.mzn,1,889062,0,9,14457.0,,64,0,37,roster-sickness,/tmp/mznfilefEsBAC.fzn,,1029144.0,1991,,turbo-v1.0.1,19556.0,,294.146,Turbo,32000.0,SATISFIED,19456.0,300.2886013040006,294050.0,2401,1.0.1
7_x,256.0,gpu,,TurboGPU,,../minizinc-benchmarks/rcpsp/data_psplib/j30/J30_23_7.dzn,,1024,1036,20,,9616.0,530,17445,4648.0,14226.0,15276,4961,0.398652,no,22.978,global,minimize,../minizinc-benchmarks/rcpsp/rcpsp.mzn,1,2396,63,6,60.0,,64,0,33,rcpsp,/tmp/mznfileN6oHRy.fzn,,12981480.0,29810,,turbo-v1.0.1,100.0,,294.662,Turbo,32000.0,SATISFIED,232832.0,300.37982270400244,294597.0,29073,1.0.1
8_x,256.0,gpu,,TurboGPU,,../minizinc-benchmarks/rcpsp/data_psplib/j30/J30_2_2.dzn,,1024,1008,16,,10832.0,390,6825,5237.0,16051.0,17209,5608,0.283513,no,14.38,global,minimize,../minizinc-benchmarks/rcpsp/rcpsp.mzn,1,1469,64,4,51.0,,64,0,31,rcpsp,/tmp/mznfileOoQJ0u.fzn,,10674753.0,22507,,turbo-v1.0.1,100.0,,179.843,Turbo,32000.0,OPTIMAL_SOLUTION,174008.0,300.3209969689997,294715.0,21720,1.0.1
9_x,,cpu,,TurboCPU,,../minizinc-benchmarks/rcpsp/data_psplib/j30/J30_39_5.dzn,,1,0,0,,9800.0,61,0,4736.0,14526.0,15608,5085,0.398902,no,24.602,,minimize,../minizinc-benchmarks/rcpsp/rcpsp.mzn,1,124,0,2,55.0,,0,0,32,rcpsp,/tmp/mznfileJ5Fe8L.fzn,,,30493,,turbo-v1.0.1,,,25.08,Turbo,,OPTIMAL_SOLUTION,,25.73872141699394,299600.0,29760,1.0.1
10_x,256.0,gpu,,TurboGPU,,../mzn-challenge/2022/nfc/24_4_2.dzn,,1024,0,0,,,1793003,46469631,,,49,49,0.032229,no,0.008,store_shared,minimize,../mzn-challenge/2022/nfc/nfc.mzn,1,3591241,0,9,1836.0,,64,0,93,nfc,/tmp/mznfileCULgtN.fzn,,82977.0,167,,turbo-v1.0.1,1700.0,,294.993,Turbo,32000.0,SATISFIED,1600.0,300.15337361300044,294967.0,169,1.0.1
11_x,256.0,gpu,,TurboGPU,,../mzn-challenge/2022/diameterc-mst/c_v20_a190_d4.dzn,,1024,0,113,,1571.0,112505,2833782,3852.0,2141.0,1785,252,0.143041,no,0.672,store_shared,minimize,../mzn-challenge/2022/diameterc-mst/dcmst.mzn,1,227037,0,62,422.0,,64,0,36,diameterc-mst,/tmp/mznfileu42L6P.fzn,,5020526.0,6707,,turbo-v1.0.1,24708.0,,294.863,Turbo,32000.0,SATISFIED,24608.0,300.1653318309982,294856.0,3045,1.0.1
12_x,,cpu,,TurboCPU,,../mzn-challenge/2022/triangular/n10.dzn,,1,0,0,,,398249,0,,,496,56,0.07019,no,0.047,,maximize,../mzn-challenge/2022/triangular/triangular.mzn,1,796514,0,3,19.0,,0,0,38,triangular,/tmp/mznfilegRAcf7.fzn,,,662,,turbo-v1.0.1,,,299.925,Turbo,,SATISFIED,,300.08971510899937,299925.0,267,1.0.1
13_x,,cpu,,TurboCPU,,../mzn-challenge/2022/blocks-world/16-4-5.dzn,249.0,1,0,0,,21436.0,478,0,5228.0,23139.0,39757,20179,0.649414,no,84.545,,minimize,../mzn-challenge/2022/blocks-world/blocks.mzn,0,1026,0,0,,,0,0,82,blocks-world,/tmp/mznfileoTbFtz.fzn,,,52999,,turbo-v1.0.1,,,299.388,Turbo,,UNKNOWN,,300.4437228490005,299345.0,49639,1.0.1
14_x,256.0,gpu,,TurboGPU,,../mzn-challenge/2022/wordpress/Wordpress7_Offers500.dzn,,1024,0,0,,36.0,13252,883685,20.0,36.0,300,182,0.071356,no,7.063,store_shared,minimize,../mzn-challenge/2022/wordpress/wordpress.mzn,1,31815,0,1077,74050.0,,64,0,70,wordpress,/tmp/mznfilepPTvFj.fzn,,45294120.0,30665,,turbo-v1.0.1,5332.0,,294.991,Turbo,32000.0,SATISFIED,5232.0,300.25461866700016,294924.0,623,1.0.1
15_x,,cpu,,TurboCPU,,../minizinc-benchmarks/rcpsp/data_psplib/j30/J30_23_7.dzn,,1,0,0,,9616.0,91,0,4648.0,14226.0,15276,4961,0.391283,no,22.571,,minimize,../minizinc-benchmarks/rcpsp/rcpsp.mzn,1,190,0,5,60.0,,0,0,33,rcpsp,/tmp/mznfileEpGlc2.fzn,,,29810,,turbo-v1.0.1,,,23.812,Turbo,,OPTIMAL_SOLUTION,,24.45286582999688,299607.0,29073,1.0.1
16_x,,cpu,,TurboCPU,,../mzn-challenge/2022/accap/accap_a4_f30_t15.json,,1,0,0,,460.0,148390,0,230.0,460.0,689,36,0.067541,no,0.051,,minimize,../mzn-challenge/2022/accap/accap.mzn,1,296874,0,34,140.0,,0,0,107,accap,/tmp/mznfilejUsdFG.fzn,,,953,,turbo-v1.0.1,,,299.927,Turbo,,SATISFIED,,300.065066899002,299927.0,530,1.0.1
17_x,,cpu,,TurboCPU,,../mzn-challenge/2022/wordpress/Wordpress7_Offers500.dzn,,1,0,0,,36.0,1646,0,20.0,36.0,300,182,0.043393,no,6.615,,minimize,../mzn-challenge/2022/wordpress/wordpress.mzn,1,3891,0,273,68857.0,,0,0,132,wordpress,/tmp/mznfileRTZX0S.fzn,,,30665,,turbo-v1.0.1,,,299.979,Turbo,,SATISFIED,,300.130272769,299955.0,623,1.0.1
18_x,256.0,gpu,,TurboGPU,,../minizinc-benchmarks/rcpsp/data_psplib/j30/J30_21_4.dzn,,1024,992,29,,9651.0,2205,52265,4667.0,14232.0,15270,4929,0.400884,no,24.631,global,minimize,../minizinc-benchmarks/rcpsp/rcpsp.mzn,1,6425,61,15,70.0,,64,0,32,rcpsp,/tmp/mznfileSUwYkr.fzn,,13073544.0,29865,,turbo-v1.0.1,100.0,,294.666,Turbo,32000.0,SATISFIED,232960.0,300.3993908859993,294594.0,29089,1.0.1
19_x,256.0,gpu,,TurboGPU,,../minizinc-benchmarks/rcpsp/data_psplib/j30/J30_43_6.dzn,,1024,512,257,,9902.0,842,23563,4785.0,14686.0,15783,5147,0.669164,no,37.09,global,minimize,../minizinc-benchmarks/rcpsp/rcpsp.mzn,1,3764,25,8,58.0,,64,0,31,rcpsp,/tmp/mznfilefIsfCf.fzn,,15705096.0,36037,,turbo-v1.0.1,100.0,,299.418,Turbo,32000.0,SATISFIED,282664.0,360.48322727999766,299325.0,35302,1.0.1
20_x,,cpu,,TurboCPU,,../mzn-challenge/2022/diameterc-mst/c_v20_a190_d4.dzn,,1,0,0,,1571.0,36530,0,3852.0,2141.0,1785,252,0.144971,no,0.595,,minimize,../mzn-challenge/2022/diameterc-mst/dcmst.mzn,1,73140,0,36,514.0,,0,0,32,diameterc-mst,/tmp/mznfile42UG5g.fzn,,,6707,,turbo-v1.0.1,,,299.859,Turbo,,SATISFIED,,300.097913081001,299854.0,3045,1.0.1
21_x,,cpu,,TurboCPU,,../mzn-challenge/2022/team-assignment/data3_5_31.dzn,,1,0,0,,7764.0,26007,0,,7764.0,17514,7982,0.260512,no,7.698,,maximize,../mzn-challenge/2022/team-assignment/model.mzn,1,52160,0,14,2246.0,,0,0,144,team-assignment,/tmp/mznfileIEKTd7.fzn,,,17669,,turbo-v1.0.1,,,299.736,Turbo,,SATISFIED,,300.2472979430022,299734.0,15932,1.0.1
22_x,256.0,gpu,,TurboGPU,,../minizinc-benchmarks/rcpsp/data_psplib/j30/J30_41_10.dzn,,1024,960,12,,11332.0,888,16758,5483.0,16609.0,17808,5674,0.605322,no,42.341,global,minimize,../minizinc-benchmarks/rcpsp/rcpsp.mzn,1,2799,8,1,111.0,,64,0,41,rcpsp,/tmp/mznfileEVf1ZF.fzn,,17904984.0,40357,,turbo-v1.0.1,100.0,,294.398,Turbo,32000.0,SATISFIED,315040.0,300.3684711009992,294390.0,39349,1.0.1
23_x,,cpu,,TurboCPU,,../minizinc-benchmarks/rcpsp/data_psplib/j30/J30_20_6.dzn,,1,0,0,,10301.0,32,0,4979.0,15259.0,16377,5332,0.298541,no,11.889,,minimize,../minizinc-benchmarks/rcpsp/rcpsp.mzn,1,64,0,1,51.0,,0,0,31,rcpsp,/tmp/mznfilesRvQMr.fzn,,,21417,,turbo-v1.0.1,,,12.013,Turbo,,OPTIMAL_SOLUTION,,12.56027215300128,299696.0,20652,1.0.1
24_x,256.0,gpu,,TurboGPU,,../minizinc-benchmarks/rcpsp/data_psplib/j30/J30_39_5.dzn,,1024,884,12,,9800.0,224,5164,4736.0,14526.0,15608,5085,0.481915,no,26.741,global,minimize,../minizinc-benchmarks/rcpsp/rcpsp.mzn,1,1000,16,2,55.0,,64,0,32,rcpsp,/tmp/mznfiletji7XZ.fzn,,13234862.0,30493,,turbo-v1.0.1,100.0,,299.521,Turbo,32000.0,SATISFIED,238328.0,360.3695563590154,299517.0,29760,1.0.1
25_x,256.0,gpu,,TurboGPU,,../mzn-challenge/2022/roster-sickness/large-2.dzn,,1024,0,28,,,152938,1145778,,578.0,3317,627,21.3738,no,1.331,global,maximize,../mzn-challenge/2022/roster-sickness/bool-model-sickness.mzn,1,306994,0,13,247896.0,,64,0,34,roster-sickness,/tmp/mznfileH9XZyR.fzn,,2297793.0,3945,,turbo-v1.0.1,100.0,,278.646,Turbo,32000.0,SATISFIED,69688.0,361.509200939996,278621.0,8680,1.0.1
26_x,256.0,gpu,,TurboGPU,,../mzn-challenge/2022/team-assignment/data3_5_31.dzn,,1024,0,0,,7764.0,42289,1293821,,7764.0,17514,7982,0.243473,no,7.851,global,maximize,../mzn-challenge/2022/team-assignment/model.mzn,1,92623,0,59,7249.0,,64,0,142,team-assignment,/tmp/mznfileA49YGi.fzn,,14398324.0,17669,,turbo-v1.0.1,100.0,,294.78,Turbo,32000.0,SATISFIED,127704.0,300.3515367660002,294755.0,15932,1.0.1
27_x,256.0,gpu,,TurboGPU,,../minizinc-benchmarks/rcpsp/data_psplib/j30/J30_37_4.dzn,,1024,956,25,,11534.0,4321,75944,5578.0,17014.0,18248,5889,0.485082,no,35.125,global,minimize,../minizinc-benchmarks/rcpsp/rcpsp.mzn,1,10330,24,13,86.0,,64,0,43,rcpsp,/tmp/mznfileCeXEuk.fzn,,15613704.0,35695,,turbo-v1.0.1,100.0,,294.537,Turbo,32000.0,SATISFIED,278424.0,300.3901961750016,294510.0,34772,1.0.1
28_x,256.0,gpu,,TurboGPU,,../mzn-challenge/2022/stripboard/common-emitter-simple.dzn,6.0,1024,72,24,,1676.0,117734,1679746,665.0,1664.0,2234,306,0.15541,no,0.572,store_shared,minimize,../mzn-challenge/2022/stripboard/stripboard.mzn,0,238675,0,0,,,64,0,61,stripboard,/tmp/mznfileOI07ex.fzn,,7827499.0,4625,,turbo-v1.0.1,17788.0,,294.865,Turbo,32000.0,UNKNOWN,17688.0,300.2779834610001,294840.0,2180,1.0.1
29_x,256.0,gpu,,TurboGPU,,../minizinc-benchmarks/rcpsp/data_psplib/j30/J30_25_3.dzn,,1024,948,7,,10340.0,1012,17295,5000.0,15240.0,16350,5271,0.573658,no,38.229,global,minimize,../minizinc-benchmarks/rcpsp/rcpsp.mzn,1,2800,7,5,86.0,,64,0,43,rcpsp,/tmp/mznfileXQQrcW.fzn,,16356772.0,37188,,turbo-v1.0.1,100.0,,294.43,Turbo,32000.0,SATISFIED,291040.0,300.3646509659993,294421.0,36349,1.0.1
30_x,,cpu,,TurboCPU,,../mzn-challenge/2022/triangular/n39.dzn,,1,0,0,,,1220,0,,,101271,781,2.3597,no,109.158,,maximize,../mzn-challenge/2022/triangular/triangular.mzn,1,2515,0,4,78.0,,0,0,80,triangular,/tmp/mznfileeOcclE.fzn,,,103612,,turbo-v1.0.1,,,297.698,Turbo,,SATISFIED,,300.6262816670005,297635.0,3863,1.0.1
31_x,,cpu,,TurboCPU,,../minizinc-benchmarks/rcpsp/data_psplib/j30/J30_17_7.dzn,,1,0,0,,10640.0,1382,0,5147.0,15743.0,16880,5480,0.280146,no,12.648,,minimize,../minizinc-benchmarks/rcpsp/rcpsp.mzn,1,2766,0,2,57.0,,0,0,31,rcpsp,/tmp/mznfilehXzSrQ.fzn,,,22088,,turbo-v1.0.1,,,28.95,Turbo,,OPTIMAL_SOLUTION,,29.48464727499959,299719.0,21284,1.0.1
32_x,256.0,gpu,,TurboGPU,,../mzn-challenge/2022/accap/accap_a4_f30_t15.json,,1024,176,33,,460.0,1084931,21389148,230.0,460.0,689,36,0.049272,no,0.054,store_shared,minimize,../mzn-challenge/2022/accap/accap.mzn,1,2172168,0,51,122.0,,64,0,82,accap,/tmp/mznfileTjZz9h.fzn,,830424.0,953,,turbo-v1.0.1,4588.0,,294.992,Turbo,32000.0,SATISFIED,4488.0,300.1739938380015,294949.0,530,1.0.1
33_x,,cpu,,TurboCPU,,../minizinc-benchmarks/rcpsp/data_psplib/j30/J30_22_6.dzn,,1,0,0,,9794.0,8663,0,4733.0,14520.0,15595,5085,0.393764,no,22.457,,minimize,../minizinc-benchmarks/rcpsp/rcpsp.mzn,1,17348,0,4,56.0,,0,0,43,rcpsp,/tmp/mznfilej5y442.fzn,,,28871,,turbo-v1.0.1,,,299.616,Turbo,,SATISFIED,,300.2885499699987,299605.0,28148,1.0.1
34_x,,cpu,,TurboCPU,,../mzn-challenge/2022/roster-sickness/large-2.dzn,,1,0,0,,,70169,0,,578.0,3317,627,20.6657,no,1.143,,maximize,../mzn-challenge/2022/roster-sickness/bool-model-sickness.mzn,1,140351,0,4,247896.0,,0,0,44,roster-sickness,/tmp/mznfilenWJvFX.fzn,,,3945,,turbo-v1.0.1,,,279.331,Turbo,,SATISFIED,,301.67522490400006,279329.0,8680,1.0.1
35_x,256.0,gpu,,TurboGPU,,../mzn-challenge/2022/triangular/n10.dzn,,1024,0,26,,,2222332,17001278,,,496,56,0.050591,no,0.053,store_shared,maximize,../mzn-challenge/2022/triangular/triangular.mzn,1,4445934,0,14,20.0,,64,0,30,triangular,/tmp/mznfileKyowJy.fzn,,409339.0,662,,turbo-v1.0.1,2484.0,,294.965,Turbo,32000.0,SATISFIED,2384.0,300.1552173140008,294944.0,267,1.0.1
36_x,,cpu,,TurboCPU,,../minizinc-benchmarks/rcpsp/data_psplib/j30/J30_2_2.dzn,,1,0,0,,10832.0,32,0,5237.0,16051.0,17209,5608,0.292089,no,13.378,,minimize,../minizinc-benchmarks/rcpsp/rcpsp.mzn,1,64,0,1,51.0,,0,0,31,rcpsp,/tmp/mznfileUjGodd.fzn,,,22507,,turbo-v1.0.1,,,13.63,Turbo,,OPTIMAL_SOLUTION,,14.159247121002409,299707.0,21720,1.0.1
37_x,,cpu,,TurboCPU,,../minizinc-benchmarks/rcpsp/data_psplib/j30/J30_33_10.dzn,,1,0,0,,10141.0,32,0,4903.0,15012.0,16119,5237,0.27957,no,12.197,,minimize,../minizinc-benchmarks/rcpsp/rcpsp.mzn,1,64,0,1,53.0,,0,0,31,rcpsp,/tmp/mznfilePO6SeU.fzn,,,21083,,turbo-v1.0.1,,,12.357,Turbo,,OPTIMAL_SOLUTION,,12.90048091999779,299719.0,20310,1.0.1
38_x,256.0,gpu,,TurboGPU,,../minizinc-benchmarks/rcpsp/data_psplib/j30/J30_13_9.dzn,,1024,952,31,,10086.0,2838,60517,4877.0,14870.0,15947,5147,0.638057,no,34.052,global,minimize,../minizinc-benchmarks/rcpsp/rcpsp.mzn,1,6986,22,13,78.0,,64,0,41,rcpsp,/tmp/mznfileVgaNcJ.fzn,,16763774.0,35535,,turbo-v1.0.1,100.0,,294.429,Turbo,32000.0,SATISFIED,278072.0,300.41585781899994,294361.0,34728,1.0.1
39_x,,cpu,,TurboCPU,,../mzn-challenge/2022/gfd-schedule/n55f2d50m30k3_10124.dzn,,1,0,0,,11641.0,2057,0,7659.0,16973.0,25585,13356,0.423333,no,44.988,,minimize,../mzn-challenge/2022/gfd-schedule/gfd-schedule2.mzn,1,4132,0,2,8904.0,,0,0,43,gfd-schedule,/tmp/mznfileBvuymS.fzn,,,41241,,turbo-v1.0.1,,,299.571,Turbo,,SATISFIED,,300.32738687500023,299571.0,32720,1.0.1
40_x,,cpu,,TurboCPU,,../minizinc-benchmarks/rcpsp/data_psplib/j30/J30_45_5.dzn,,1,0,0,,9516.0,9540,0,4603.0,13981.0,15012,4806,0.619325,no,29.09,,minimize,../minizinc-benchmarks/rcpsp/rcpsp.mzn,1,19105,0,4,91.0,,0,0,52,rcpsp,/tmp/mznfile6mJC3l.fzn,,,33448,,turbo-v1.0.1,,,299.38,Turbo,,SATISFIED,,300.2746812960031,299376.0,32620,1.0.1
41_x,,cpu,,TurboCPU,,../minizinc-benchmarks/rcpsp/data_psplib/j30/J30_25_3.dzn,,1,0,0,,10340.0,9669,0,5000.0,15240.0,16350,5271,0.56395,no,36.412,,minimize,../minizinc-benchmarks/rcpsp/rcpsp.mzn,1,19364,0,2,92.0,,0,0,61,rcpsp,/tmp/mznfileyNLvcY.fzn,,,37188,,turbo-v1.0.1,,,299.436,Turbo,,SATISFIED,,300.29519456100024,299435.0,36349,1.0.1
42_x,256.0,gpu,,TurboGPU,,../mzn-challenge/2022/spot5/404.dzn,,1024,52,22,,100.0,229842,2745945,,100.0,1439,811,0.090446,no,0.707,store_shared,minimize,../mzn-challenge/2022/spot5/spot5.mzn,1,464973,0,42,135.0,,64,0,91,spot5,/tmp/mznfilegtWanZ.fzn,,10639617.0,7381,,turbo-v1.0.1,9244.0,,294.912,Turbo,32000.0,SATISFIED,9144.0,300.13978988300005,294908.0,1112,1.0.1
43_x,,cpu,,TurboCPU,,../minizinc-benchmarks/rcpsp/data_psplib/j30/J30_37_4.dzn,,1,0,0,,11534.0,11599,0,5578.0,17014.0,18248,5889,0.511729,no,32.656,,minimize,../minizinc-benchmarks/rcpsp/rcpsp.mzn,1,23223,0,2,89.0,,0,0,55,rcpsp,/tmp/mznfileS3FsJ7.fzn,,,35695,,turbo-v1.0.1,,,299.486,Turbo,,SATISFIED,,300.3092093890009,299483.0,34772,1.0.1
44_x,,cpu,,TurboCPU,,../mzn-challenge/2022/stripboard/common-emitter-simple.dzn,6.0,1,0,0,,1676.0,38031,0,665.0,1664.0,2234,306,0.137398,no,0.525,,minimize,../mzn-challenge/2022/stripboard/stripboard.mzn,0,76118,0,0,,,0,0,73,stripboard,/tmp/mznfilenaZs9v.fzn,,,4625,,turbo-v1.0.1,,,299.869,Turbo,,UNKNOWN,,300.16265248199943,299861.0,2180,1.0.1
45_x,,cpu,,TurboCPU,,../minizinc-benchmarks/rcpsp/data_psplib/j30/J30_44_9.dzn,,1,0,0,,9480.0,32,0,4581.0,14061.0,15116,4930,0.539159,no,29.994,,minimize,../minizinc-benchmarks/rcpsp/rcpsp.mzn,1,64,0,1,64.0,,0,0,31,rcpsp,/tmp/mznfileIT1773.fzn,,,34494,,turbo-v1.0.1,,,30.258,Turbo,,OPTIMAL_SOLUTION,,31.075324874000216,299456.0,33788,1.0.1
46_x,,cpu,,TurboCPU,,../minizinc-benchmarks/rcpsp/data_psplib/j30/J30_15_5.dzn,,1,0,0,,11640.0,3125,0,5625.0,17265.0,18516,6046,0.744298,no,44.278,,minimize,../minizinc-benchmarks/rcpsp/rcpsp.mzn,1,6271,0,5,58.0,,0,0,39,rcpsp,/tmp/mznfilekRAcuV.fzn,,,40584,,turbo-v1.0.1,,,299.253,Turbo,,SATISFIED,,300.2922792819991,299251.0,39754,1.0.1
47_x,,cpu,,TurboCPU,,../mzn-challenge/2022/generalized-peacable-queens/n8_q3.json,,1,0,0,,1384.0,21113,0,1679.0,1795.0,1796,839,0.151863,no,0.687,,maximize,../mzn-challenge/2022/generalized-peacable-queens/peaceable_queens.mzn,1,42276,0,3,2.0,,0,0,66,generalized-peacable-queens,/tmp/mznfilexXNgvw.fzn,,,7589,,turbo-v1.0.1,,,299.848,Turbo,,SATISFIED,,300.10145732599995,299847.0,2896,1.0.1
48_x,,cpu,,TurboCPU,,../minizinc-benchmarks/rcpsp/data_psplib/j30/J30_1_3.dzn,,1,0,0,,8459.0,44,0,4092.0,12518.0,13430,4365,0.242525,no,7.847,,minimize,../minizinc-benchmarks/rcpsp/rcpsp.mzn,1,90,0,2,47.0,,0,0,32,rcpsp,/tmp/mznfileKGBgTe.fzn,,,17583,,turbo-v1.0.1,,,8.061,Turbo,,OPTIMAL_SOLUTION,,8.552781730999413,299756.0,16944,1.0.1
49_x,256.0,gpu,,TurboGPU,,../minizinc-benchmarks/rcpsp/data_psplib/j30/J30_44_9.dzn,,1024,0,1106,,9480.0,2517,80434,4581.0,14061.0,15116,4930,0.533924,no,31.076,global,minimize,../minizinc-benchmarks/rcpsp/rcpsp.mzn,1,13892,64,5,64.0,,64,0,28,rcpsp,/tmp/mznfileZHpgLz.fzn,,15027528.0,34494,,turbo-v1.0.1,100.0,,285.033,Turbo,32000.0,OPTIMAL_SOLUTION,270552.0,300.32668504499816,294461.0,33788,1.0.1
50_x,256.0,gpu,,TurboGPU,,../mzn-challenge/2022/gfd-schedule/n55f2d50m30k3_10124.dzn,,1024,8,9,,11641.0,4961,145539,7659.0,16973.0,25585,13356,0.439931,no,47.47,global,minimize,../mzn-challenge/2022/gfd-schedule/gfd-schedule2.mzn,1,12011,0,6,6805.0,,64,0,42,gfd-schedule,/tmp/mznfileYuTsSE.fzn,,31874299.0,41241,,turbo-v1.0.1,100.0,,294.586,Turbo,32000.0,SATISFIED,262008.0,300.40205960500134,294555.0,32720,1.0.1
51_x,256.0,gpu,,TurboGPU,,../mzn-challenge/2022/accap/accap_a40_f800_t180.json,,1024,172,32,,26770.0,9284,257724,13385.0,26770.0,43503,842,6.67873,no,50.202,global,minimize,../mzn-challenge/2022/accap/accap.mzn,0,31786,0,0,,,64,0,575,accap,/tmp/mznfilezlRT0Z.fzn,,50663390.0,57770,,turbo-v1.0.1,100.0,,288.419,Turbo,32000.0,UNKNOWN,228200.0,300.8217857970012,288320.0,28494,1.0.1
52_x,,cpu,,TurboCPU,,../mzn-challenge/2022/tower/100_100_20_100-04.dzn,,1,0,0,,8060.0,10796,0,100.0,4260.0,10887,4747,0.260025,no,7.487,,maximize,../mzn-challenge/2022/tower/tower.mzn,1,21676,0,13,15.0,,0,0,179,tower,/tmp/mznfile9w6L4H.fzn,,,18507,,turbo-v1.0.1,,,299.751,Turbo,,SATISFIED,,300.2227701929987,299739.0,12547,1.0.1
53_x,,cpu,,TurboCPU,,../minizinc-benchmarks/rcpsp/data_psplib/j30/J30_40_3.dzn,,1,0,0,,9546.0,32,0,4613.0,14156.0,15217,4961,0.415326,no,22.743,,minimize,../minizinc-benchmarks/rcpsp/rcpsp.mzn,1,64,0,1,57.0,,0,0,31,rcpsp,/tmp/mznfilemotzeG.fzn,,,29704,,turbo-v1.0.1,,,22.938,Turbo,,OPTIMAL_SOLUTION,,23.617537947000528,299579.0,28991,1.0.1
54_x,,cpu,,TurboCPU,,../minizinc-benchmarks/rcpsp/data_psplib/j30/J30_43_6.dzn,,1,0,0,,9902.0,105,0,4785.0,14686.0,15783,5147,0.582303,no,32.570999,,minimize,../minizinc-benchmarks/rcpsp/rcpsp.mzn,1,220,0,6,58.0,,0,0,31,rcpsp,/tmp/mznfilefTHNVk.fzn,,,36037,,turbo-v1.0.1,,,35.051,Turbo,,OPTIMAL_SOLUTION,,35.913283297995804,299416.0,35302,1.0.1
55_x,256.0,gpu,,TurboGPU,,../minizinc-benchmarks/rcpsp/data_psplib/j30/J30_17_7.dzn,,1024,960,64,,10640.0,1189,22231,5147.0,15743.0,16880,5480,0.282516,no,13.115,global,minimize,../minizinc-benchmarks/rcpsp/rcpsp.mzn,1,4068,63,12,57.0,,64,0,32,rcpsp,/tmp/mznfileCs0trB.fzn,,10515624.0,22088,,turbo-v1.0.1,100.0,,294.751,Turbo,32000.0,SATISFIED,170520.0,300.35083991099964,294716.0,21284,1.0.1
56_x,,cpu,,TurboCPU,,../minizinc-benchmarks/rcpsp/data_psplib/j30/J30_21_4.dzn,,1,0,0,,9651.0,9833,0,4667.0,14232.0,15270,4929,0.384056,no,22.635,,minimize,../minizinc-benchmarks/rcpsp/rcpsp.mzn,1,19695,0,9,70.0,,0,0,54,rcpsp,/tmp/mznfilexG9C62.fzn,,,29865,,turbo-v1.0.1,,,299.626,Turbo,,SATISFIED,,300.277727814002,299615.0,29089,1.0.1
57_x,,cpu,,TurboCPU,,../minizinc-benchmarks/rcpsp/data_psplib/j30/J30_45_3.dzn,,1,0,0,,10438.0,9584,0,5051.0,15280.0,16389,5209,0.687269,no,34.647,,minimize,../minizinc-benchmarks/rcpsp/rcpsp.mzn,1,19193,0,2,98.0,,0,0,56,rcpsp,/tmp/mznfile2lFGBZ.fzn,,,36187,,turbo-v1.0.1,,,299.319,Turbo,,SATISFIED,,300.29134568000154,299308.0,35236,1.0.1
58_x,256.0,gpu,,TurboGPU,,../minizinc-benchmarks/rcpsp/data_psplib/j30/J30_45_3.dzn,,1024,944,12,,10438.0,1173,24476,5051.0,15280.0,16389,5209,0.652692,no,35.311,global,minimize,../minizinc-benchmarks/rcpsp/rcpsp.mzn,1,3441,18,2,98.0,,64,0,39,rcpsp,/tmp/mznfilepzHaTH.fzn,,17272305.0,36187,,turbo-v1.0.1,100.0,,294.351,Turbo,32000.0,SATISFIED,282136.0,300.3685845869986,294342.0,35236,1.0.1
59_x,256.0,gpu,,TurboGPU,,../mzn-challenge/2022/blocks-world/16-4-5.dzn,249.0,1024,0,25,,21436.0,321,8190,5228.0,23139.0,39757,20179,0.584253,no,83.758,global,minimize,../mzn-challenge/2022/blocks-world/blocks.mzn,0,906,0,0,,,64,0,5,blocks-world,/tmp/mznfileLZ7erV.fzn,,41402414.0,52999,,turbo-v1.0.1,100.0,,294.467,Turbo,32000.0,UNKNOWN,397360.0,300.5325479759995,294411.0,49639,1.0.1
60_x,256.0,gpu,,TurboGPU,,../minizinc-benchmarks/rcpsp/data_psplib/j30/J30_15_5.dzn,,1024,0,34,,11640.0,6199,156081,5625.0,17265.0,18516,6046,0.735077,no,48.114,global,minimize,../minizinc-benchmarks/rcpsp/rcpsp.mzn,1,13331,0,8,60.0,,64,0,36,rcpsp,/tmp/mznfile7Y4lEw.fzn,,19177156.0,40584,,turbo-v1.0.1,100.0,,294.266,Turbo,32000.0,SATISFIED,318280.0,300.3986843160019,294262.0,39754,1.0.1
61_x,256.0,gpu,,TurboGPU,,../minizinc-benchmarks/rcpsp/data_psplib/j30/J30_22_6.dzn,,1024,764,3,,9794.0,329,6466,4733.0,14520.0,15595,5085,0.414413,no,21.899,global,minimize,../minizinc-benchmarks/rcpsp/rcpsp.mzn,1,897,11,6,56.0,,64,0,31,rcpsp,/tmp/mznfileFu7YmG.fzn,,12828388.0,28871,,turbo-v1.0.1,100.0,,294.669,Turbo,32000.0,SATISFIED,225432.0,300.4328295519954,294580.0,28148,1.0.1
62_x,,cpu,,TurboCPU,,../minizinc-benchmarks/rcpsp/data_psplib/j30/J30_13_9.dzn,,1,0,0,,10086.0,6728,0,4877.0,14870.0,15947,5147,0.638662,no,32.912,,minimize,../minizinc-benchmarks/rcpsp/rcpsp.mzn,1,13494,0,12,72.0,,0,0,62,rcpsp,/tmp/mznfileuwfjDW.fzn,,,35535,,turbo-v1.0.1,,,299.388,Turbo,,SATISFIED,,300.2958177060027,299360.0,34728,1.0.1
63_x,256.0,gpu,,TurboGPU,,../minizinc-benchmarks/rcpsp/data_psplib/j30/J30_20_6.dzn,,1024,1016,8,,10301.0,264,5278,4979.0,15259.0,16377,5332,0.274297,no,13.106,global,minimize,../minizinc-benchmarks/rcpsp/rcpsp.mzn,1,1094,64,2,51.0,,64,0,31,rcpsp,/tmp/mznfileJTQIHH.fzn,,10162228.0,21417,,turbo-v1.0.1,100.0,,165.147,Turbo,32000.0,OPTIMAL_SOLUTION,165464.0,300.3374157010003,294725.0,20652,1.0.1
64_x,256.0,gpu,,TurboGPU,,../minizinc-benchmarks/rcpsp/data_psplib/j30/J30_40_3.dzn,,1024,624,145,,9546.0,872,13240,4613.0,14156.0,15217,4961,0.48761,no,25.464,global,minimize,../minizinc-benchmarks/rcpsp/rcpsp.mzn,1,3135,32,9,57.0,,64,0,31,rcpsp,/tmp/mznfileeQXSXS.fzn,,12886411.0,29704,,turbo-v1.0.1,100.0,,294.53,Turbo,32000.0,SATISFIED,232176.0,300.4245189909998,294510.0,28991,1.0.1
65_x,256.0,gpu,,TurboGPU,,../mzn-challenge/2022/tower/100_100_20_100-04.dzn,,1024,506,57,,8060.0,14941,890075,100.0,4260.0,10887,4747,0.261513,no,7.965,global,maximize,../mzn-challenge/2022/tower/tower.mzn,1,35161,0,27,34.0,,64,0,332,tower,/tmp/mznfilerr7SCU.fzn,,16043400.0,18507,,turbo-v1.0.1,100.0,,294.789,Turbo,32000.0,SATISFIED,100624.0,300.3134988460006,294737.0,12547,1.0.1
66_x,256.0,gpu,,TurboGPU,,../mzn-challenge/2022/triangular/n39.dzn,,1024,0,0,,,23927,200804,,,101271,781,2.3712,no,135.302,store_shared,maximize,../mzn-challenge/2022/triangular/triangular.mzn,1,53286,0,26,94.0,,64,0,95,triangular,/tmp/mznfileggkZbw.fzn,,73656379.0,103612,,turbo-v1.0.1,31252.0,,292.635,Turbo,32000.0,SATISFIED,31152.0,300.6667202030003,292624.0,3863,1.0.1
67_x,,cpu,,TurboCPU,,../mzn-challenge/2022/nfc/24_4_2.dzn,,1,0,0,,,374998,0,,,49,49,0.054305,no,0.007,,minimize,../mzn-challenge/2022/nfc/nfc.mzn,1,750079,0,1,1836.0,,0,0,101,nfc,/tmp/mznfileGHyvZd.fzn,,,167,,turbo-v1.0.1,,,299.941,Turbo,,SATISFIED,,300.07611997799904,299941.0,169,1.0.1
68_x,,cpu,,TurboCPU,,../minizinc-benchmarks/rcpsp/data_psplib/j30/J30_41_10.dzn,,1,0,0,,11332.0,8716,0,5483.0,16609.0,17808,5674,0.621915,no,42.655,,minimize,../minizinc-benchmarks/rcpsp/rcpsp.mzn,1,17456,0,1,116.0,,0,0,60,rcpsp,/tmp/mznfileiiNbf6.fzn,,,40357,,turbo-v1.0.1,,,299.387,Turbo,,SATISFIED,,300.26707902999624,299373.0,39349,1.0.1
69_x,,cpu,,TurboCPU,,../mzn-challenge/2022/accap/accap_a40_f800_t180.json,,1,0,0,,26770.0,1823,0,13385.0,26770.0,43503,842,6.7584,no,44.713,,minimize,../mzn-challenge/2022/accap/accap.mzn,1,4497,0,46,3619.0,,0,0,845,accap,/tmp/mznfilegOXxKp.fzn,,,57770,,turbo-v1.0.1,,,293.266,Turbo,,SATISFIED,,300.8105982460001,293240.0,28494,1.0.1
0_y,,,,choco.noglobal,33331.0,../mzn-challenge/2022/gfd-schedule/n55f2d50m30k3_10124.dzn,,,,,,11641.0,,,7659.0,16973.0,25585,13356,0.406303,,0.826,,minimize,../mzn-challenge/2022/gfd-schedule/gfd-schedule2.mzn,5,2877236.0,,,7505.0,,,0,,gfd-schedule,,,,,,baseline,,5.0,299.595,,,SATISFIED,,301.2761634560002,,37282.0,
1_y,,,68.0,or-tools,,../minizinc-benchmarks/rcpsp/data_psplib/j30/J30_2_2.dzn,,,,,36.0,,1.0,,18.0,36.0,85,31,0.075392,,,,minimize,../minizinc-benchmarks/rcpsp/rcpsp.mzn,1,,,,51.0,51.0,,0,,rcpsp,,802.0,,,,baseline,,,0.004716,,,OPTIMAL_SOLUTION,,0.2065053600017563,,,
2_y,,,14874.0,or-tools.noglobal,,../minizinc-benchmarks/rcpsp/data_psplib/j30/J30_13_9.dzn,,,,,,10086.0,1089.0,,4877.0,14870.0,15947,5147,0.643642,,,,minimize,../minizinc-benchmarks/rcpsp/rcpsp.mzn,13,,,,71.0,71.0,,0,,rcpsp,,11569549.0,,,,baseline,,,17.3048,,,OPTIMAL_SOLUTION,,18.38902423900072,,,
3_y,,,2587.0,or-tools,,../mzn-challenge/2022/diameterc-mst/c_v20_a190_d4.dzn,,,,,1199.0,372.0,8885.0,,3852.0,2141.0,1785,252,0.204821,,,,minimize,../mzn-challenge/2022/diameterc-mst/dcmst.mzn,70,,,,349.0,349.0,,0,,diameterc-mst,,7540871.0,,,,baseline,,,11.8112,,,OPTIMAL_SOLUTION,,12.157473146002305,,,
4_y,,,,choco.noglobal,21022.0,../minizinc-benchmarks/rcpsp/data_psplib/j30/J30_33_10.dzn,,,,,,10141.0,31.0,,4903.0,15012.0,16119,5237,0.286238,,0.557,,minimize,../minizinc-benchmarks/rcpsp/rcpsp.mzn,1,32.0,,,53.0,,,0,,rcpsp,,,,,0.0,baseline,,1.0,0.115,,,OPTIMAL_SOLUTION,,1.4739610479991825,,25465.0,
5_y,,,,choco,230.0,../mzn-challenge/2022/accap/accap_a4_f30_t15.json,,,,,,,5328485.0,,,,230,36,0.033343,,0.17,,minimize,../mzn-challenge/2022/accap/accap.mzn,34,5328576.0,,,140.0,,,0,,accap,,,,,0.0,baseline,,34.0,299.968,,,SATISFIED,,300.4746860619998,,119.0,
6_y,,,38017.0,or-tools.noglobal,,../mzn-challenge/2022/blocks-world/16-4-5.dzn,249.0,,,,,21436.0,20856.0,,5228.0,23139.0,39757,20179,0.610851,,,,minimize,../mzn-challenge/2022/blocks-world/blocks.mzn,6,,,,51.0,21.0,,0,,blocks-world,,40288159.0,,,,baseline,,,203.844,,,SATISFIED,,300.47239403799995,,,
7_y,,,,choco.noglobal,44986.0,../mzn-challenge/2022/blocks-world/16-4-5.dzn,249.0,,,,,21436.0,521426.0,,5228.0,23139.0,39757,20179,0.595854,,0.962,,minimize,../mzn-challenge/2022/blocks-world/blocks.mzn,0,521494.0,,,,,,0,,blocks-world,,,,,0.0,baseline,,0.0,299.235,,,UNKNOWN,,301.41482219900354,,46623.0,
8_y,,,,choco.noglobal,19615.0,../minizinc-benchmarks/rcpsp/data_psplib/j30/J30_45_5.dzn,,,,,,9516.0,6132070.0,,4603.0,13981.0,15012,4806,0.600034,,0.564,,minimize,../minizinc-benchmarks/rcpsp/rcpsp.mzn,5,6132095.0,,,89.0,,,0,,rcpsp,,,,,0.0,baseline,,5.0,299.401,,,SATISFIED,,301.02031624400115,,23572.0,
9_y,,,17267.0,or-tools.noglobal,,../minizinc-benchmarks/rcpsp/data_psplib/j30/J30_15_5.dzn,,,,,,11640.0,159.0,,5625.0,17265.0,18516,6046,0.729319,,,,minimize,../minizinc-benchmarks/rcpsp/rcpsp.mzn,5,,,,58.0,58.0,,0,,rcpsp,,10726963.0,,,,baseline,,,9.6123,,,OPTIMAL_SOLUTION,,10.836567963000562,,,
10_y,,,6402.0,or-tools.noglobal,,../mzn-challenge/2022/tower/100_100_20_100-04.dzn,,,,,,8060.0,7601.0,,100.0,4260.0,10887,4747,0.258859,,,,maximize,../mzn-challenge/2022/tower/tower.mzn,39,,,,40.0,100.0,,0,,tower,,38311571.0,,,,baseline,,,279.241,,,SATISFIED,,300.1957094879981,,,
11_y,,,,choco.noglobal,20328.0,../minizinc-benchmarks/rcpsp/data_psplib/j30/J30_22_6.dzn,,,,,,9794.0,5187954.0,,4733.0,14520.0,15595,5085,0.389965,,0.567,,minimize,../minizinc-benchmarks/rcpsp/rcpsp.mzn,8,5187969.0,,,52.0,,,0,,rcpsp,,,,,0.0,baseline,,8.0,170.729,,,OPTIMAL_SOLUTION,,172.11505957600457,,24669.0,
12_y,,,23596.0,or-tools.noglobal,,../mzn-challenge/2022/wordpress/Wordpress7_Offers500.dzn,,,,,,36.0,53199.0,,20.0,36.0,300,182,0.043876,,,,minimize,../mzn-challenge/2022/wordpress/wordpress.mzn,2692,,,,2022.0,0.0,,0,,wordpress,,221338203.0,,,,baseline,,,94.5832,,,SATISFIED,,300.18993762200034,,,
13_y,,,,choco,148.0,../minizinc-benchmarks/rcpsp/data_psplib/j30/J30_1_3.dzn,,,,,66.0,,43.0,,33.0,66.0,115,31,0.074343,,0.176,,minimize,../minizinc-benchmarks/rcpsp/rcpsp.mzn,2,46.0,,,47.0,,,0,,rcpsp,,,,,0.0,baseline,,2.0,0.024,,,OPTIMAL_SOLUTION,,0.6644783169977018,,150.0,
14_y,,,,choco,696.0,../minizinc-benchmarks/rcpsp/data_psplib/j30/J30_45_3.dzn,,,,,418.0,,7612765.0,,209.0,418.0,487,31,0.078139,,0.189,,minimize,../minizinc-benchmarks/rcpsp/rcpsp.mzn,5,7612791.0,,,92.0,,,0,,rcpsp,,,,,0.0,baseline,,5.0,299.923,,,SATISFIED,,300.50628870700166,,592.0,
15_y,,,17018.0,or-tools.noglobal,,../minizinc-benchmarks/rcpsp/data_psplib/j30/J30_37_4.dzn,,,,,,11534.0,116.0,,5578.0,17014.0,18248,5889,0.465422,,,,minimize,../minizinc-benchmarks/rcpsp/rcpsp.mzn,5,,,,83.0,83.0,,0,,rcpsp,,11992049.0,,,,baseline,,,13.1561,,,OPTIMAL_SOLUTION,,14.09017745199526,,,
16_y,,,,choco,687.0,../minizinc-benchmarks/rcpsp/data_psplib/j30/J30_41_10.dzn,,,,,412.0,,14369987.0,,206.0,412.0,481,31,0.117504,,0.172,,minimize,../minizinc-benchmarks/rcpsp/rcpsp.mzn,3,14370011.0,,,112.0,,,0,,rcpsp,,,,,0.0,baseline,,3.0,299.879,,,SATISFIED,,300.54291887800355,,558.0,
17_y,,,157.0,or-tools,,../minizinc-benchmarks/rcpsp/data_psplib/j30/J30_23_7.dzn,,,,,76.0,,2.0,,38.0,76.0,135,31,0.095634,,,,minimize,../minizinc-benchmarks/rcpsp/rcpsp.mzn,5,,,,60.0,60.0,,0,,rcpsp,,1769.0,,,,baseline,,,0.008181,,,OPTIMAL_SOLUTION,,0.2240467169976909,,,
18_y,,,12520.0,or-tools.noglobal,,../minizinc-benchmarks/rcpsp/data_psplib/j30/J30_1_3.dzn,,,,,,8459.0,0.0,,4092.0,12518.0,13430,4365,0.257942,,,,minimize,../minizinc-benchmarks/rcpsp/rcpsp.mzn,2,,,,47.0,47.0,,0,,rcpsp,,9067662.0,,,,baseline,,,9.26483,,,OPTIMAL_SOLUTION,,9.927043774994672,,,
19_y,,,,choco,363.0,../minizinc-benchmarks/rcpsp/data_psplib/j30/J30_37_4.dzn,,,,,196.0,,15020406.0,,98.0,196.0,265,31,0.088676,,0.25,,minimize,../minizinc-benchmarks/rcpsp/rcpsp.mzn,4,15020434.0,,,86.0,,,0,,rcpsp,,,,,0.0,baseline,,4.0,299.908,,,SATISFIED,,300.6276457499989,,310.0,
20_y,,,15260.0,or-tools.noglobal,,../minizinc-benchmarks/rcpsp/data_psplib/j30/J30_20_6.dzn,,,,,,10301.0,0.0,,4979.0,15259.0,16377,5332,0.292555,,,,minimize,../minizinc-benchmarks/rcpsp/rcpsp.mzn,1,,,,51.0,51.0,,0,,rcpsp,,10245322.0,,,,baseline,,,8.70513,,,OPTIMAL_SOLUTION,,9.440828228998726,,,
21_y,,,32.0,or-tools,,../minizinc-benchmarks/rcpsp/data_psplib/j30/J30_44_9.dzn,,,,,,,0.0,,,,69,31,0.090636,,,,minimize,../minizinc-benchmarks/rcpsp/rcpsp.mzn,1,,,,64.0,64.0,,0,,rcpsp,,33.0,,,,baseline,,,0.002922,,,OPTIMAL_SOLUTION,,0.2186319220018049,,,
22_y,,,108.0,or-tools,,../minizinc-benchmarks/rcpsp/data_psplib/j30/J30_1_3.dzn,,,,,66.0,,0.0,,33.0,66.0,115,31,0.092346,,,,minimize,../minizinc-benchmarks/rcpsp/rcpsp.mzn,2,,,,47.0,47.0,,0,,rcpsp,,1302.0,,,,baseline,,,0.006435,,,OPTIMAL_SOLUTION,,0.2432877170067513,,,
23_y,,,,choco.noglobal,3475.0,../mzn-challenge/2022/generalized-peacable-queens/n8_q3.json,,,,,,1384.0,1374555.0,,1679.0,1795.0,1796,839,0.152159,,0.282,,maximize,../mzn-challenge/2022/generalized-peacable-queens/peaceable_queens.mzn,5,1374586.0,,,4.0,,,0,,generalized-peacable-queens,,,,,0.0,baseline,,5.0,299.849,,,SATISFIED,,300.5862629519979,,3807.0,
24_y,,,324.0,or-tools,,../minizinc-benchmarks/rcpsp/data_psplib/j30/J30_37_4.dzn,,,,,196.0,,124.0,,98.0,196.0,265,31,0.077542,,,,minimize,../minizinc-benchmarks/rcpsp/rcpsp.mzn,5,,,,83.0,83.0,,0,,rcpsp,,23983.0,,,,baseline,,,0.030866,,,OPTIMAL_SOLUTION,,0.2361833909963024,,,
25_y,,,,choco.noglobal,21356.0,../minizinc-benchmarks/rcpsp/data_psplib/j30/J30_20_6.dzn,,,,,,10301.0,31.0,,4979.0,15259.0,16377,5332,0.27573,,0.552,,minimize,../minizinc-benchmarks/rcpsp/rcpsp.mzn,1,32.0,,,51.0,,,0,,rcpsp,,,,,0.0,baseline,,1.0,0.094,,,OPTIMAL_SOLUTION,,1.3981867039983626,,25902.0,
26_y,,,100.0,or-tools,,../mzn-challenge/2022/triangular/n10.dzn,,,,,,,579906.0,,,,496,56,0.039288,,,,maximize,../mzn-challenge/2022/triangular/triangular.mzn,4,,,,20.0,55.0,,0,,triangular,,13898610.0,,,,baseline,,,7.47059,,,SATISFIED,,300.18642480200106,,,
27_y,,,,or-tools,,../mzn-challenge/2022/stripboard/common-emitter-simple.dzn,14.0,,,,1465.0,31.0,,,612.0,1476.0,1746,296,0.115925,,,,minimize,../mzn-challenge/2022/stripboard/stripboard.mzn,0,,,,,,,0,,stripboard,,,,,,baseline,,,,,,UNKNOWN,,300.2871026599996,,,
28_y,,,,choco.noglobal,496.0,../mzn-challenge/2022/triangular/n10.dzn,,,,,,,34536298.0,,,,496,56,0.036754,,0.165,,maximize,../mzn-challenge/2022/triangular/triangular.mzn,4,34536305.0,,,20.0,,,0,,triangular,,,,,0.0,baseline,,4.0,106.033,,,OPTIMAL_SOLUTION,,106.54117202700036,,58.0,
29_y,,,100.0,or-tools.noglobal,,../mzn-challenge/2022/triangular/n10.dzn,,,,,,,579906.0,,,,496,56,0.036555,,,,maximize,../mzn-challenge/2022/triangular/triangular.mzn,4,,,,20.0,55.0,,0,,triangular,,13898610.0,,,,baseline,,,7.50931,,,SATISFIED,,300.18610570499914,,,
30_y,,,14229.0,or-tools.noglobal,,../minizinc-benchmarks/rcpsp/data_psplib/j30/J30_23_7.dzn,,,,,,9616.0,1.0,,4648.0,14226.0,15276,4961,0.393709,,,,minimize,../minizinc-benchmarks/rcpsp/rcpsp.mzn,5,,,,60.0,60.0,,0,,rcpsp,,10886372.0,,,,baseline,,,10.2288,,,OPTIMAL_SOLUTION,,11.033857794005598,,,
31_y,,,,choco,3341.0,../mzn-challenge/2022/roster-sickness/large-2.dzn,,,,,,,7056844.0,,,578.0,3317,627,20.7449,,0.296,,maximize,../mzn-challenge/2022/roster-sickness/bool-model-sickness.mzn,4,7056851.0,,,247896.0,,,0,,roster-sickness,,,,,0.0,baseline,,4.0,51.48,,,OPTIMAL_SOLUTION,,74.14325508299953,,1254.0,
32_y,,,16612.0,or-tools.noglobal,,../minizinc-benchmarks/rcpsp/data_psplib/j30/J30_41_10.dzn,,,,,,11332.0,6089.0,,5483.0,16609.0,17808,5674,0.609864,,,,minimize,../minizinc-benchmarks/rcpsp/rcpsp.mzn,15,,,,99.0,99.0,,0,,rcpsp,,15685392.0,,,,baseline,,,62.8165,,,OPTIMAL_SOLUTION,,63.91266137299681,,,
33_y,,,,choco,103.0,../minizinc-benchmarks/rcpsp/data_psplib/j30/J30_2_2.dzn,,,,,36.0,,31.0,,18.0,36.0,85,31,0.086129,,0.192,,minimize,../minizinc-benchmarks/rcpsp/rcpsp.mzn,1,32.0,,,51.0,,,0,,rcpsp,,,,,0.0,baseline,,1.0,0.02,,,OPTIMAL_SOLUTION,,0.5683419970009709,,121.0,
34_y,,,,choco,359.0,../minizinc-benchmarks/rcpsp/data_psplib/j30/J30_25_3.dzn,,,,,200.0,,11245340.0,,100.0,200.0,259,31,0.093562,,0.227,,minimize,../minizinc-benchmarks/rcpsp/rcpsp.mzn,4,11245369.0,,,88.0,,,0,,rcpsp,,,,,0.0,baseline,,4.0,299.903,,,SATISFIED,,300.53028325200285,,345.0,
35_y,,,287.0,or-tools,,../mzn-challenge/2022/spot5/404.dzn,,,,,,100.0,887991.0,,,100.0,811,201,0.047565,,,,minimize,../mzn-challenge/2022/spot5/spot5.mzn,27,,,,119.0,92.0,,0,,spot5,,91221841.0,,,,baseline,,,75.5548,,,SATISFIED,,300.1543577720004,,,
36_y,,,126.0,or-tools,,../minizinc-benchmarks/rcpsp/data_psplib/j30/J30_17_7.dzn,,,,,88.0,,0.0,,44.0,88.0,147,31,0.076145,,,,minimize,../minizinc-benchmarks/rcpsp/rcpsp.mzn,2,,,,57.0,57.0,,0,,rcpsp,,1649.0,,,,baseline,,,0.008947,,,OPTIMAL_SOLUTION,,0.2134428869976545,,,
37_y,,,13157.0,or-tools.noglobal,,../mzn-challenge/2022/team-assignment/data3_5_31.dzn,,,,,,7764.0,6418.0,,,7764.0,17514,7982,0.242365,,,,maximize,../mzn-challenge/2022/team-assignment/model.mzn,112,,,,8270.0,87562.0,,0,,team-assignment,,8020904.0,,,,baseline,,,298.863,,,SATISFIED,,300.2087286850001,,,
38_y,,,37835.0,or-tools,,../mzn-challenge/2022/blocks-world/16-4-5.dzn,438.0,,,,1260.0,20176.0,21354.0,,5039.0,22950.0,39757,20179,0.60144,,,,minimize,../mzn-challenge/2022/blocks-world/blocks.mzn,6,,,,51.0,21.0,,0,,blocks-world,,36238078.0,,,,baseline,,,166.225,,,SATISFIED,,300.4930114230001,,,
39_y,,,1047.0,or-tools.noglobal,,../mzn-challenge/2022/accap/accap_a4_f30_t15.json,,,,,,460.0,922568.0,,230.0,460.0,689,36,0.062016,,,,minimize,../mzn-challenge/2022/accap/accap.mzn,69,,,,105.0,24.0,,0,,accap,,329378335.0,,,,baseline,,,97.9492,,,SATISFIED,,300.1020842979997,,,
40_y,,,,choco.noglobal,5637.0,../mzn-challenge/2022/diameterc-mst/c_v20_a190_d4.dzn,,,,,,1571.0,793704.0,,3852.0,2141.0,1785,252,0.143533,,0.255,,minimize,../mzn-challenge/2022/diameterc-mst/dcmst.mzn,70,793843.0,,,349.0,,,0,,diameterc-mst,,,,,0.0,baseline,,70.0,41.243,,,OPTIMAL_SOLUTION,,41.94719532999807,,3776.0,
41_y,,,,choco.noglobal,919.0,../mzn-challenge/2022/accap/accap_a4_f30_t15.json,,,,,,460.0,8908092.0,,230.0,460.0,689,36,0.049541,,0.234,,minimize,../mzn-challenge/2022/accap/accap.mzn,34,8908183.0,,,140.0,,,0,,accap,,,,,0.0,baseline,,34.0,299.952,,,SATISFIED,,300.5678803299997,,502.0,
42_y,,,116.0,or-tools,,../minizinc-benchmarks/rcpsp/data_psplib/j30/J30_15_5.dzn,,,,,,,604.0,,,,49,31,0.100986,,,,minimize,../minizinc-benchmarks/rcpsp/rcpsp.mzn,5,,,,58.0,58.0,,0,,rcpsp,,29007.0,,,,baseline,,,0.045676,,,OPTIMAL_SOLUTION,,0.2600377540002228,,,
43_y,,,1480.0,or-tools.noglobal,,../mzn-challenge/2022/roster-sickness/small-4.dzn,,,,,,,1765.0,,,309.0,1378,344,0.97079,,,,maximize,../mzn-challenge/2022/roster-sickness/bool-model-sickness.mzn,8,,,,14457.0,14457.0,,0,,roster-sickness,,191745.0,,,,baseline,,,0.113876,,,OPTIMAL_SOLUTION,,1.2417904240028292,,,
44_y,,,,choco.noglobal,10987.0,../mzn-challenge/2022/tower/100_100_20_100-04.dzn,,,,,,8060.0,334159.0,,100.0,4260.0,10887,4747,0.277846,,16.753,,maximize,../mzn-challenge/2022/tower/tower.mzn,69,334334.0,,,77.0,,,0,,tower,,,,,0.0,baseline,,69.0,283.863,,,SATISFIED,,301.30263851300333,,11109.0,
45_y,,,15744.0,or-tools.noglobal,,../minizinc-benchmarks/rcpsp/data_psplib/j30/J30_17_7.dzn,,,,,,10640.0,1.0,,5147.0,15743.0,16880,5480,0.312308,,,,minimize,../minizinc-benchmarks/rcpsp/rcpsp.mzn,2,,,,57.0,57.0,,0,,rcpsp,,10678819.0,,,,baseline,,,9.14682,,,OPTIMAL_SOLUTION,,9.87269079300313,,,
46_y,,,14157.0,or-tools.noglobal,,../minizinc-benchmarks/rcpsp/data_psplib/j30/J30_40_3.dzn,,,,,,9546.0,0.0,,4613.0,14156.0,15217,4961,0.387447,,,,minimize,../minizinc-benchmarks/rcpsp/rcpsp.mzn,1,,,,57.0,57.0,,0,,rcpsp,,9629864.0,,,,baseline,,,8.78423,,,OPTIMAL_SOLUTION,,9.58764285900179,,,
47_y,,,,choco.noglobal,24141.0,../minizinc-benchmarks/rcpsp/data_psplib/j30/J30_15_5.dzn,,,,,,11640.0,29618.0,,5625.0,17265.0,18516,6046,0.759167,,0.569,,minimize,../minizinc-benchmarks/rcpsp/rcpsp.mzn,5,29627.0,,,58.0,,,0,,rcpsp,,,,,0.0,baseline,,5.0,1.974,,,OPTIMAL_SOLUTION,,3.7970809750004255,,29336.0,
48_y,,,24547.0,or-tools.noglobal,,../mzn-challenge/2022/gfd-schedule/n55f2d50m30k3_10124.dzn,,,,,,11641.0,125.0,,7659.0,16973.0,25585,13356,0.409252,,,,minimize,../mzn-challenge/2022/gfd-schedule/gfd-schedule2.mzn,38,,,,9.0,9.0,,0,,gfd-schedule,,9586807.0,,,,baseline,,,20.2151,,,OPTIMAL_SOLUTION,,21.17935716900047,,,
49_y,,,,choco,80.0,../minizinc-benchmarks/rcpsp/data_psplib/j30/J30_22_6.dzn,,,,,14.0,,5187954.0,,7.0,14.0,73,31,0.073525,,0.14,,minimize,../minizinc-benchmarks/rcpsp/rcpsp.mzn,8,5187969.0,,,52.0,,,0,,rcpsp,,,,,0.0,baseline,,8.0,99.34,,,OPTIMAL_SOLUTION,,99.88796987900425,,130.0,
50_y,,,,choco,11683.0,../mzn-challenge/2022/blocks-world/16-4-5.dzn,375.0,,,,1260.0,5090.0,1505971.0,,4037.0,7932.0,7582,4211,0.219112,,0.446,,minimize,../mzn-challenge/2022/blocks-world/blocks.mzn,6,1506041.0,,,51.0,,,0,,blocks-world,,,,,0.0,baseline,,6.0,299.782,,,SATISFIED,,300.79596898100044,,14187.0,
51_y,,,,choco,69.0,../minizinc-benchmarks/rcpsp/data_psplib/j30/J30_44_9.dzn,,,,,,,31.0,,,,69,31,0.073423,,0.138,,minimize,../minizinc-benchmarks/rcpsp/rcpsp.mzn,1,32.0,,,64.0,,,0,,rcpsp,,,,,0.0,baseline,,1.0,0.024,,,OPTIMAL_SOLUTION,,0.5906657310006267,,146.0,
52_y,,,5491.0,or-tools,,../mzn-challenge/2022/gfd-schedule/n55f2d50m30k3_10124.dzn,138.0,,,,279.0,3118.0,138.0,,2186.0,3256.0,6192,2256,0.16597,,,,minimize,../mzn-challenge/2022/gfd-schedule/gfd-schedule2.mzn,39,,,,9.0,9.0,,0,,gfd-schedule,,1280790.0,,,,baseline,,,1.65726,,,OPTIMAL_SOLUTION,,2.0481481169999824,,,
53_y,,,1048.0,or-tools,,../minizinc-benchmarks/rcpsp/data_psplib/j30/J30_25_3.dzn,,,,,200.0,,18815.0,,100.0,200.0,259,31,0.078591,,,,minimize,../minizinc-benchmarks/rcpsp/rcpsp.mzn,15,,,,76.0,76.0,,0,,rcpsp,,4753295.0,,,,baseline,,,1.76641,,,OPTIMAL_SOLUTION,,1.9572507800003225,,,
54_y,,,,choco,191.0,../minizinc-benchmarks/rcpsp/data_psplib/j30/J30_17_7.dzn,,,,,88.0,,1381.0,,44.0,88.0,147,31,0.097151,,0.159,,minimize,../minizinc-benchmarks/rcpsp/rcpsp.mzn,2,1384.0,,,57.0,,,0,,rcpsp,,,,,0.0,baseline,,2.0,0.104,,,OPTIMAL_SOLUTION,,0.683122305003053,,172.0,
55_y,,,1480.0,or-tools,,../mzn-challenge/2022/roster-sickness/small-4.dzn,,,,,,,1765.0,,,309.0,1395,344,0.952704,,,,maximize,../mzn-challenge/2022/roster-sickness/bool-model-sickness.mzn,8,,,,14457.0,14457.0,,0,,roster-sickness,,191745.0,,,,baseline,,,0.113052,,,OPTIMAL_SOLUTION,,1.2202586719977262,,,
56_y,,,23596.0,or-tools,,../mzn-challenge/2022/wordpress/Wordpress7_Offers500.dzn,,,,,1.0,35.0,53199.0,,20.0,36.0,300,182,0.064431,,,,minimize,../mzn-challenge/2022/wordpress/wordpress.mzn,2692,,,,2022.0,0.0,,0,,wordpress,,221338203.0,,,,baseline,,,95.8706,,,SATISFIED,,300.2164754219998,,,
57_y,,,11310.0,or-tools,,../mzn-challenge/2022/team-assignment/data3_5_31.dzn,,,,,3844.0,3920.0,1794.0,,,7764.0,15601,7924,0.249107,,,,maximize,../mzn-challenge/2022/team-assignment/model.mzn,267,,,,12289.0,81665.0,,0,,team-assignment,,9679260.0,,,,baseline,,,298.954,,,SATISFIED,,300.1993249110019,,,
58_y,,,14687.0,or-tools.noglobal,,../minizinc-benchmarks/rcpsp/data_psplib/j30/J30_43_6.dzn,,,,,,9902.0,3.0,,4785.0,14686.0,15783,5147,0.538449,,,,minimize,../minizinc-benchmarks/rcpsp/rcpsp.mzn,6,,,,58.0,58.0,,0,,rcpsp,,10111365.0,,,,baseline,,,10.2998,,,OPTIMAL_SOLUTION,,11.266386410999983,,,
59_y,,,14062.0,or-tools.noglobal,,../minizinc-benchmarks/rcpsp/data_psplib/j30/J30_44_9.dzn,,,,,,9480.0,0.0,,4581.0,14061.0,15116,4930,0.524161,,,,minimize,../minizinc-benchmarks/rcpsp/rcpsp.mzn,1,,,,64.0,64.0,,0,,rcpsp,,10838771.0,,,,baseline,,,7.89595,,,OPTIMAL_SOLUTION,,8.851165186999424,,,
60_y,,,14528.0,or-tools.noglobal,,../minizinc-benchmarks/rcpsp/data_psplib/j30/J30_39_5.dzn,,,,,,9800.0,0.0,,4736.0,14526.0,15608,5085,0.395372,,,,minimize,../minizinc-benchmarks/rcpsp/rcpsp.mzn,2,,,,55.0,55.0,,0,,rcpsp,,11102133.0,,,,baseline,,,9.72754,,,OPTIMAL_SOLUTION,,10.536507123993944,,,
61_y,,,,choco.noglobal,1396.0,../mzn-challenge/2022/roster-sickness/small-4.dzn,,,,,,,34664625.0,,,309.0,1378,344,0.961479,,0.194,,maximize,../mzn-challenge/2022/roster-sickness/bool-model-sickness.mzn,8,34664640.0,,,14457.0,,,0,,roster-sickness,,,,,0.0,baseline,,8.0,200.698,,,OPTIMAL_SOLUTION,,202.24569632099883,,689.0,
62_y,,,9719.0,or-tools,,../mzn-challenge/2022/accap/accap_a40_f800_t180.json,,,,,,,14061.0,,,,16734,842,0.289866,,,,minimize,../mzn-challenge/2022/accap/accap.mzn,147,,,,2568.0,277.0,,0,,accap,,47231897.0,,,,baseline,,,294.859,,,SATISFIED,,300.1512418559996,,,
63_y,,,,choco.noglobal,49.0,../mzn-challenge/2022/nfc/24_4_2.dzn,,,,,,,40661996.0,,,,49,49,0.049265,,0.13,,minimize,../mzn-challenge/2022/nfc/nfc.mzn,1,40662089.0,,,1836.0,,,0,,nfc,,,,,0.0,baseline,,1.0,299.949,,,SATISFIED,,300.37658917799854,,52.0,
64_y,,,,choco,72.0,../minizinc-benchmarks/rcpsp/data_psplib/j30/J30_43_6.dzn,,,,,2.0,,104.0,,1.0,2.0,71,31,0.088334,,0.184,,minimize,../minizinc-benchmarks/rcpsp/rcpsp.mzn,6,115.0,,,58.0,,,0,,rcpsp,,,,,0.0,baseline,,6.0,0.08,,,OPTIMAL_SOLUTION,,0.665348331000132,,148.0,
65_y,,,,choco.noglobal,23826.0,../minizinc-benchmarks/rcpsp/data_psplib/j30/J30_37_4.dzn,,,,,,11534.0,6895569.0,,5578.0,17014.0,18248,5889,0.470077,,0.683,,minimize,../minizinc-benchmarks/rcpsp/rcpsp.mzn,4,6895598.0,,,86.0,,,0,,rcpsp,,,,,0.0,baseline,,4.0,299.531,,,SATISFIED,,301.1502900880005,,28770.0,
66_y,,,,choco,2383.0,../mzn-challenge/2022/stripboard/common-emitter-simple.dzn,12.0,,,,1461.0,32.0,4760451.0,,611.0,1475.0,1771,296,0.15523,,0.334,,minimize,../mzn-challenge/2022/stripboard/stripboard.mzn,0,4760476.0,,,,,,0,,stripboard,,,,,0.0,baseline,,0.0,299.846,,,UNKNOWN,,300.6752961660004,,1830.0,
67_y,,,,choco,101298.0,../mzn-challenge/2022/triangular/n39.dzn,,,,,,,86821460.0,,,,101271,781,2.41775,,0.976,,maximize,../mzn-challenge/2022/triangular/triangular.mzn,10,86821447.0,,,84.0,,,0,,triangular,,,,,0.0,baseline,,10.0,297.466,,,SATISFIED,,301.6814687569986,,810.0,
68_y,,,,choco.noglobal,19830.0,../minizinc-benchmarks/rcpsp/data_psplib/j30/J30_40_3.dzn,,,,,,9546.0,31.0,,4613.0,14156.0,15217,4961,0.409137,,0.517,,minimize,../minizinc-benchmarks/rcpsp/rcpsp.mzn,1,32.0,,,57.0,,,0,,rcpsp,,,,,0.0,baseline,,1.0,0.084,,,OPTIMAL_SOLUTION,,1.5062324770005944,,24055.0,
69_y,,,,choco,122.0,../minizinc-benchmarks/rcpsp/data_psplib/j30/J30_20_6.dzn,,,,,42.0,,31.0,,21.0,42.0,101,31,0.073753,,0.172,,minimize,../minizinc-benchmarks/rcpsp/rcpsp.mzn,1,32.0,,,51.0,,,0,,rcpsp,,,,,0.0,baseline,,1.0,0.027,,,OPTIMAL_SOLUTION,,0.5854299599996011,,125.0,
70,,,,choco.noglobal,22027.0,../minizinc-benchmarks/rcpsp/data_psplib/j30/J30_17_7.dzn,,,,,,10640.0,1381.0,,5147.0,15743.0,16880,5480,0.278172,,0.518,,minimize,../minizinc-benchmarks/rcpsp/rcpsp.mzn,2,1384.0,,,57.0,,,0,,rcpsp,,,,,0.0,baseline,,2.0,0.366,,,OPTIMAL_SOLUTION,,1.6584456540003885,,26682.0,
71,,,15013.0,or-tools.noglobal,,../minizinc-benchmarks/rcpsp/data_psplib/j30/J30_33_10.dzn,,,,,,10141.0,0.0,,4903.0,15012.0,16119,5237,0.287422,,,,minimize,../minizinc-benchmarks/rcpsp/rcpsp.mzn,1,,,,53.0,53.0,,0,,rcpsp,,11486509.0,,,,baseline,,,9.50927,,,OPTIMAL_SOLUTION,,10.242001983999216,,,
72,,,,choco.noglobal,19697.0,../minizinc-benchmarks/rcpsp/data_psplib/j30/J30_44_9.dzn,,,,,,9480.0,31.0,,4581.0,14061.0,15116,4930,0.547544,,0.589,,minimize,../minizinc-benchmarks/rcpsp/rcpsp.mzn,1,32.0,,,64.0,,,0,,rcpsp,,,,,0.0,baseline,,1.0,0.092,,,OPTIMAL_SOLUTION,,1.6974817349982914,,23900.0,
73,,,6442.0,or-tools,,../mzn-challenge/2022/tower/100_100_20_100-04.dzn,,,,,40.0,8020.0,38897.0,,100.0,4260.0,9011,2871,0.221268,,,,maximize,../mzn-challenge/2022/tower/tower.mzn,61,,,,64.0,100.0,,0,,tower,,54383095.0,,,,baseline,,,286.004,,,SATISFIED,,300.18096211399825,,,
74,,,1521.0,or-tools.noglobal,,../mzn-challenge/2022/triangular/n39.dzn,,,,,,,533684.0,,,,101271,781,2.35631,,,,maximize,../mzn-challenge/2022/triangular/triangular.mzn,9,,,,83.0,780.0,,0,,triangular,,19548013.0,,,,baseline,,,67.1715,,,SATISFIED,,300.6902905429997,,,
75,,,15285.0,or-tools.noglobal,,../minizinc-benchmarks/rcpsp/data_psplib/j30/J30_45_3.dzn,,,,,,10438.0,181.0,,5051.0,15280.0,16389,5209,0.635412,,,,minimize,../minizinc-benchmarks/rcpsp/rcpsp.mzn,5,,,,92.0,92.0,,0,,rcpsp,,10667718.0,,,,baseline,,,16.532599,,,OPTIMAL_SOLUTION,,17.60776574999909,,,
76,,,,choco.noglobal,3341.0,../mzn-challenge/2022/roster-sickness/large-2.dzn,,,,,,,7056844.0,,,578.0,3317,627,20.5178,,0.313,,maximize,../mzn-challenge/2022/roster-sickness/bool-model-sickness.mzn,4,7056851.0,,,247896.0,,,0,,roster-sickness,,,,,0.0,baseline,,4.0,53.115,,,OPTIMAL_SOLUTION,,75.5439121390009,,1254.0,
77,,,16052.0,or-tools.noglobal,,../minizinc-benchmarks/rcpsp/data_psplib/j30/J30_2_2.dzn,,,,,,10832.0,0.0,,5237.0,16051.0,17209,5608,0.320016,,,,minimize,../minizinc-benchmarks/rcpsp/rcpsp.mzn,1,,,,51.0,51.0,,0,,rcpsp,,10660781.0,,,,baseline,,,10.5865,,,OPTIMAL_SOLUTION,,11.356006617003004,,,
78,,,96.0,or-tools,,../minizinc-benchmarks/rcpsp/data_psplib/j30/J30_33_10.dzn,,,,,64.0,,0.0,,32.0,64.0,133,31,0.075498,,,,minimize,../minizinc-benchmarks/rcpsp/rcpsp.mzn,1,,,,53.0,53.0,,0,,rcpsp,,706.0,,,,baseline,,,0.005932,,,OPTIMAL_SOLUTION,,0.2076986060019408,,,
79,,,,choco.noglobal,56888.0,../mzn-challenge/2022/accap/accap_a40_f800_t180.json,,,,,,26770.0,900504.0,,13385.0,26770.0,43503,842,6.80175,,0.878,,minimize,../mzn-challenge/2022/accap/accap.mzn,108,901441.0,,,3557.0,,,0,,accap,,,,,0.0,baseline,,108.0,293.195,,,SATISFIED,,301.7190401870012,,27618.0,
80,,,7456.0,or-tools,,../mzn-challenge/2022/roster-sickness/large-2.dzn,,,,,,,15.0,,,578.0,3317,627,20.5576,,,,maximize,../mzn-challenge/2022/roster-sickness/bool-model-sickness.mzn,4,,,,247896.0,247896.0,,0,,roster-sickness,,12354.0,,,,baseline,,,0.061071,,,OPTIMAL_SOLUTION,,22.257514305998484,,,
81,,,,choco,317.0,../minizinc-benchmarks/rcpsp/data_psplib/j30/J30_21_4.dzn,,,,,172.0,,8806835.0,,86.0,172.0,231,31,0.108129,,0.205,,minimize,../minizinc-benchmarks/rcpsp/rcpsp.mzn,9,8806861.0,,,70.0,,,0,,rcpsp,,,,,0.0,baseline,,9.0,299.889,,,SATISFIED,,300.5478207959968,,287.0,
82,,,,choco.noglobal,20824.0,../minizinc-benchmarks/rcpsp/data_psplib/j30/J30_13_9.dzn,,,,,,10086.0,3738102.0,,4877.0,14870.0,15947,5147,0.652831,,0.528,,minimize,../minizinc-benchmarks/rcpsp/rcpsp.mzn,13,3738139.0,,,71.0,,,0,,rcpsp,,,,,0.0,baseline,,13.0,299.344,,,SATISFIED,,300.9718258239991,,25143.0,
83,,,38.0,or-tools,,../minizinc-benchmarks/rcpsp/data_psplib/j30/J30_40_3.dzn,,,,,6.0,,0.0,,3.0,6.0,75,31,0.078298,,,,minimize,../minizinc-benchmarks/rcpsp/rcpsp.mzn,1,,,,57.0,57.0,,0,,rcpsp,,133.0,,,,baseline,,,0.003658,,,OPTIMAL_SOLUTION,,0.2074330190007458,,,
84,,,4941.0,or-tools.noglobal,,../mzn-challenge/2022/generalized-peacable-queens/n8_q3.json,,,,,,1384.0,25270.0,,1679.0,1795.0,1796,839,0.156022,,,,maximize,../mzn-challenge/2022/generalized-peacable-queens/peaceable_queens.mzn,5,,,,4.0,19.0,,0,,generalized-peacable-queens,,25476951.0,,,,baseline,,,81.5244,,,SATISFIED,,300.20649126399803,,,
85,,,,choco.noglobal,20568.0,../minizinc-benchmarks/rcpsp/data_psplib/j30/J30_43_6.dzn,,,,,,9902.0,104.0,,4785.0,14686.0,15783,5147,0.565749,,0.554,,minimize,../minizinc-benchmarks/rcpsp/rcpsp.mzn,6,115.0,,,58.0,,,0,,rcpsp,,,,,0.0,baseline,,6.0,0.262,,,OPTIMAL_SOLUTION,,1.8660242469995865,,24958.0,
86,,,,choco,333.0,../mzn-challenge/2022/wordpress/Wordpress7_Offers500.dzn,,,,,,35.0,2262725.0,,17.0,35.0,300,182,0.061273,,0.237,,minimize,../mzn-challenge/2022/wordpress/wordpress.mzn,2795,2268338.0,,,2022.0,,,0,,wordpress,,,,,0.0,baseline,,2795.0,299.936,,,SATISFIED,,300.4968921740001,,746.0,
87,,,790.0,or-tools,,../minizinc-benchmarks/rcpsp/data_psplib/j30/J30_45_5.dzn,,,,,276.0,,3201.0,,138.0,276.0,345,31,0.095604,,,,minimize,../minizinc-benchmarks/rcpsp/rcpsp.mzn,8,,,,86.0,86.0,,0,,rcpsp,,611380.0,,,,baseline,,,0.348197,,,OPTIMAL_SOLUTION,,0.5613401169975987,,,
88,,,,choco.noglobal,320.0,../mzn-challenge/2022/wordpress/Wordpress7_Offers500.dzn,,,,,,36.0,5830861.0,,20.0,36.0,300,182,0.043694,,0.183,,minimize,../mzn-challenge/2022/wordpress/wordpress.mzn,2795,5836470.0,,,2022.0,,,0,,wordpress,,,,,0.0,baseline,,2795.0,299.957,,,SATISFIED,,300.4421413959999,,243.0,
89,,,,choco,262.0,../mzn-challenge/2022/generalized-peacable-queens/n8_q3.json,,,,,,,3537581.0,,,,52,67,0.099361,,0.276,,maximize,../mzn-challenge/2022/generalized-peacable-queens/peaceable_queens.mzn,5,3537590.0,,,4.0,,,0,,generalized-peacable-queens,,,,,0.0,baseline,,5.0,63.246,,,OPTIMAL_SOLUTION,,63.90914717700071,,362.0,
90,,,,choco.noglobal,23291.0,../minizinc-benchmarks/rcpsp/data_psplib/j30/J30_41_10.dzn,,,,,,11332.0,9430130.0,,5483.0,16609.0,17808,5674,0.599811,,0.588,,minimize,../minizinc-benchmarks/rcpsp/rcpsp.mzn,3,9430155.0,,,112.0,,,0,,rcpsp,,,,,0.0,baseline,,3.0,299.397,,,SATISFIED,,301.0401517520004,,27936.0,
91,,,,choco.noglobal,21350.0,../minizinc-benchmarks/rcpsp/data_psplib/j30/J30_25_3.dzn,,,,,,10340.0,6310414.0,,5000.0,15240.0,16350,5271,0.55701,,0.607,,minimize,../minizinc-benchmarks/rcpsp/rcpsp.mzn,4,6310440.0,,,88.0,,,0,,rcpsp,,,,,0.0,baseline,,4.0,299.444,,,SATISFIED,,301.06442182799947,,25760.0,
92,,,,choco,483.0,../minizinc-benchmarks/rcpsp/data_psplib/j30/J30_45_5.dzn,,,,,276.0,,6553291.0,,138.0,276.0,345,31,0.097008,,0.19,,minimize,../minizinc-benchmarks/rcpsp/rcpsp.mzn,5,6553319.0,,,89.0,,,0,,rcpsp,,,,,0.0,baseline,,5.0,299.9,,,SATISFIED,,300.51533364400166,,451.0,
93,,,81.0,or-tools,,../minizinc-benchmarks/rcpsp/data_psplib/j30/J30_39_5.dzn,,,,,20.0,,0.0,,10.0,20.0,89,31,0.0749,,,,minimize,../minizinc-benchmarks/rcpsp/rcpsp.mzn,2,,,,55.0,55.0,,0,,rcpsp,,540.0,,,,baseline,,,0.00481,,,OPTIMAL_SOLUTION,,0.2081411079998361,,,
94,,,,choco,5637.0,../mzn-challenge/2022/diameterc-mst/c_v20_a190_d4.dzn,,,,,1199.0,372.0,793704.0,,3852.0,2141.0,1785,252,0.145638,,0.265,,minimize,../mzn-challenge/2022/diameterc-mst/dcmst.mzn,70,793843.0,,,349.0,,,0,,diameterc-mst,,,,,0.0,baseline,,70.0,35.947,,,OPTIMAL_SOLUTION,,36.61077590900095,,2957.0,
95,,,15244.0,or-tools.noglobal,,../minizinc-benchmarks/rcpsp/data_psplib/j30/J30_25_3.dzn,,,,,,10340.0,32697.0,,5000.0,15240.0,16350,5271,0.558254,,,,minimize,../minizinc-benchmarks/rcpsp/rcpsp.mzn,15,,,,76.0,76.0,,0,,rcpsp,,29442995.0,,,,baseline,,,158.59,,,OPTIMAL_SOLUTION,,159.6027095319987,,,
96,,,105.0,or-tools,,../mzn-challenge/2022/nfc/24_4_2.dzn,,,,,,,2.0,,,,25,49,0.032663,,,,minimize,../mzn-challenge/2022/nfc/nfc.mzn,1,,,,1836.0,1836.0,,0,,nfc,,1658.0,,,,baseline,,,0.005346,,,OPTIMAL_SOLUTION,,0.111399548000918,,,
97,,,,choco,1401.0,../mzn-challenge/2022/roster-sickness/small-4.dzn,,,,,,,34664625.0,,,309.0,1383,344,0.942096,,0.266,,maximize,../mzn-challenge/2022/roster-sickness/bool-model-sickness.mzn,8,34664640.0,,,14457.0,,,0,,roster-sickness,,,,,0.0,baseline,,8.0,193.598,,,OPTIMAL_SOLUTION,,195.10889215800125,,689.0,
98,,,13984.0,or-tools.noglobal,,../minizinc-benchmarks/rcpsp/data_psplib/j30/J30_45_5.dzn,,,,,,9516.0,1677.0,,4603.0,13981.0,15012,4806,0.618081,,,,minimize,../minizinc-benchmarks/rcpsp/rcpsp.mzn,8,,,,86.0,86.0,,0,,rcpsp,,11529831.0,,,,baseline,,,20.3643,,,OPTIMAL_SOLUTION,,21.40497294500165,,,
99,,,,or-tools.noglobal,,../mzn-challenge/2022/stripboard/common-emitter-simple.dzn,6.0,,,,,1676.0,,,665.0,1664.0,2234,306,0.122523,,,,minimize,../mzn-challenge/2022/stripboard/stripboard.mzn,0,,,,,,,0,,stripboard,,,,,,baseline,,,,,,UNKNOWN,,300.25961647499935,,,
100,,,3319.0,or-tools.noglobal,,../mzn-challenge/2022/diameterc-mst/c_v20_a190_d4.dzn,,,,,,1571.0,3394.0,,3852.0,2141.0,1785,252,0.161274,,,,minimize,../mzn-challenge/2022/diameterc-mst/dcmst.mzn,70,,,,349.0,349.0,,0,,diameterc-mst,,6170924.0,,,,baseline,,,6.62039,,,OPTIMAL_SOLUTION,,6.92392917899997,,,
101,,,,choco,5091.0,../mzn-challenge/2022/tower/100_100_20_100-04.dzn,,,,,40.0,2020.0,1095944.0,,100.0,2260.0,4991,2751,0.18732,,0.337,,maximize,../mzn-challenge/2022/tower/tower.mzn,69,1096134.0,,,77.0,,,0,,tower,,,,,0.0,baseline,,69.0,299.81,,,SATISFIED,,300.77609652700266,,5059.0,
102,,,,choco.noglobal,1439.0,../mzn-challenge/2022/spot5/404.dzn,,,,,,100.0,11239852.0,,,100.0,1439,811,0.089094,,0.2,,minimize,../mzn-challenge/2022/spot5/spot5.mzn,21,11239980.0,,,143.0,,,0,,spot5,,,,,0.0,baseline,,21.0,299.912,,,SATISFIED,,300.4708845999994,,912.0,
103,,,,choco.noglobal,19924.0,../minizinc-benchmarks/rcpsp/data_psplib/j30/J30_23_7.dzn,,,,,,9616.0,90.0,,4648.0,14226.0,15276,4961,0.398233,,0.561,,minimize,../minizinc-benchmarks/rcpsp/rcpsp.mzn,5,99.0,,,60.0,,,0,,rcpsp,,,,,0.0,baseline,,5.0,0.205,,,OPTIMAL_SOLUTION,,1.6298031149999588,,24127.0,
104,,,5114.0,or-tools.noglobal,,../mzn-challenge/2022/spot5/404.dzn,,,,,,100.0,21356.0,,,100.0,1439,811,0.088817,,,,minimize,../mzn-challenge/2022/spot5/spot5.mzn,23,,,,123.0,96.0,,0,,spot5,,24722451.0,,,,baseline,,,131.687999,,,SATISFIED,,300.1782869689996,,,
105,,,,choco,173.0,../minizinc-benchmarks/rcpsp/data_psplib/j30/J30_23_7.dzn,,,,,76.0,,90.0,,38.0,76.0,135,31,0.091604,,0.198,,minimize,../minizinc-benchmarks/rcpsp/rcpsp.mzn,5,99.0,,,60.0,,,0,,rcpsp,,,,,0.0,baseline,,5.0,0.033,,,OPTIMAL_SOLUTION,,0.6937187730000005,,191.0,
106,,,7456.0,or-tools.noglobal,,../mzn-challenge/2022/roster-sickness/large-2.dzn,,,,,,,15.0,,,578.0,3317,627,20.4696,,,,maximize,../mzn-challenge/2022/roster-sickness/bool-model-sickness.mzn,4,,,,247896.0,247896.0,,0,,roster-sickness,,12354.0,,,,baseline,,,0.074778,,,OPTIMAL_SOLUTION,,22.161388550000996,,,
107,,,,choco,328.0,../minizinc-benchmarks/rcpsp/data_psplib/j30/J30_13_9.dzn,,,,,186.0,,5068008.0,,93.0,186.0,235,31,0.074892,,0.249,,minimize,../minizinc-benchmarks/rcpsp/rcpsp.mzn,13,5068045.0,,,71.0,,,0,,rcpsp,,,,,0.0,baseline,,13.0,299.926,,,SATISFIED,,300.5515195810003,,360.0,
108,,,,choco,78.0,../minizinc-benchmarks/rcpsp/data_psplib/j30/J30_40_3.dzn,,,,,6.0,,31.0,,3.0,6.0,75,31,0.073647,,0.183,,minimize,../minizinc-benchmarks/rcpsp/rcpsp.mzn,1,32.0,,,57.0,,,0,,rcpsp,,,,,0.0,baseline,,1.0,0.029,,,OPTIMAL_SOLUTION,,0.5622676820021297,,121.0,
109,,,171.0,or-tools,,../minizinc-benchmarks/rcpsp/data_psplib/j30/J30_22_6.dzn,,,,,14.0,,208.0,,7.0,14.0,73,31,0.075513,,,,minimize,../minizinc-benchmarks/rcpsp/rcpsp.mzn,8,,,,52.0,52.0,,0,,rcpsp,,13439.0,,,,baseline,,,0.014021,,,OPTIMAL_SOLUTION,,0.2249098969987244,,,
110,,,,choco,3276.0,../mzn-challenge/2022/gfd-schedule/n55f2d50m30k3_10124.dzn,,,,,3.0,1328.0,5312136.0,,648.0,1331.0,2562,452,0.070199,,0.279,,minimize,../mzn-challenge/2022/gfd-schedule/gfd-schedule2.mzn,5,5312168.0,,,7505.0,,,0,,gfd-schedule,,,,,0.0,baseline,,5.0,299.931,,,SATISFIED,,300.5824331070007,,2190.0,
111,,,14234.0,or-tools.noglobal,,../minizinc-benchmarks/rcpsp/data_psplib/j30/J30_21_4.dzn,,,,,,9651.0,188.0,,4667.0,14232.0,15270,4929,0.399197,,,,minimize,../minizinc-benchmarks/rcpsp/rcpsp.mzn,9,,,,70.0,70.0,,0,,rcpsp,,11153883.0,,,,baseline,,,12.7671,,,OPTIMAL_SOLUTION,,13.577097730001697,,,
112,,,,choco.noglobal,21440.0,../minizinc-benchmarks/rcpsp/data_psplib/j30/J30_45_3.dzn,,,,,,10438.0,4185501.0,,5051.0,15280.0,16389,5209,0.643142,,0.585,,minimize,../minizinc-benchmarks/rcpsp/rcpsp.mzn,5,4185526.0,,,92.0,,,0,,rcpsp,,,,,0.0,baseline,,5.0,299.354,,,SATISFIED,,301.06950797099853,,25677.0,
113,,,,choco.noglobal,101298.0,../mzn-challenge/2022/triangular/n39.dzn,,,,,,,85302639.0,,,,101271,781,2.39799,,1.121,,maximize,../mzn-challenge/2022/triangular/triangular.mzn,10,85302626.0,,,84.0,,,0,,triangular,,,,,0.0,baseline,,10.0,297.374,,,SATISFIED,,301.6836870669995,,810.0,
114,,,,choco,16734.0,../mzn-challenge/2022/accap/accap_a40_f800_t180.json,,,,,,,412169.0,,,,16734,842,0.28165,,0.353,,minimize,../mzn-challenge/2022/accap/accap.mzn,108,413104.0,,,3557.0,,,0,,accap,,,,,0.0,baseline,,108.0,299.72,,,SATISFIED,,300.7405314810003,,2624.0,
115,,,,choco,496.0,../mzn-challenge/2022/triangular/n10.dzn,,,,,,,34536298.0,,,,496,56,0.037079,,0.16,,maximize,../mzn-challenge/2022/triangular/triangular.mzn,4,34536305.0,,,20.0,,,0,,triangular,,,,,0.0,baseline,,4.0,105.746,,,OPTIMAL_SOLUTION,,106.19775014699916,,58.0,
116,,,,choco,165.0,../minizinc-benchmarks/rcpsp/data_psplib/j30/J30_33_10.dzn,,,,,64.0,,31.0,,32.0,64.0,133,31,0.076745,,0.219,,minimize,../minizinc-benchmarks/rcpsp/rcpsp.mzn,1,32.0,,,53.0,,,0,,rcpsp,,,,,0.0,baseline,,1.0,0.027,,,OPTIMAL_SOLUTION,,0.6148115420000977,,147.0,
117,,,631.0,or-tools,,../minizinc-benchmarks/rcpsp/data_psplib/j30/J30_13_9.dzn,,,,,186.0,,3793.0,,93.0,186.0,235,31,0.077972,,,,minimize,../minizinc-benchmarks/rcpsp/rcpsp.mzn,13,,,,71.0,71.0,,0,,rcpsp,,774085.0,,,,baseline,,,0.266409,,,OPTIMAL_SOLUTION,,0.4640137540009164,,,
118,,,14521.0,or-tools.noglobal,,../minizinc-benchmarks/rcpsp/data_psplib/j30/J30_22_6.dzn,,,,,,9794.0,60.0,,4733.0,14520.0,15595,5085,0.43111,,,,minimize,../minizinc-benchmarks/rcpsp/rcpsp.mzn,8,,,,52.0,52.0,,0,,rcpsp,,10367239.0,,,,baseline,,,10.8205,,,OPTIMAL_SOLUTION,,11.65895761599677,,,
119,,,619.0,or-tools,,../minizinc-benchmarks/rcpsp/data_psplib/j30/J30_45_3.dzn,,,,,418.0,,303.0,,209.0,418.0,487,31,0.081949,,,,minimize,../minizinc-benchmarks/rcpsp/rcpsp.mzn,5,,,,92.0,92.0,,0,,rcpsp,,65057.0,,,,baseline,,,0.083069,,,OPTIMAL_SOLUTION,,0.3230673639991437,,,
120,,,1521.0,or-tools,,../mzn-challenge/2022/triangular/n39.dzn,,,,,,,533684.0,,,,101271,781,2.33511,,,,maximize,../mzn-challenge/2022/triangular/triangular.mzn,9,,,,83.0,780.0,,0,,triangular,,19548013.0,,,,baseline,,,66.9845,,,SATISFIED,,300.69217025000034,,,
121,,,,choco.noglobal,20344.0,../minizinc-benchmarks/rcpsp/data_psplib/j30/J30_39_5.dzn,,,,,,9800.0,60.0,,4736.0,14526.0,15608,5085,0.394447,,0.484,,minimize,../minizinc-benchmarks/rcpsp/rcpsp.mzn,2,63.0,,,55.0,,,0,,rcpsp,,,,,0.0,baseline,,2.0,0.135,,,OPTIMAL_SOLUTION,,1.491627368995978,,24675.0,
122,,,,choco,50.0,../mzn-challenge/2022/nfc/24_4_2.dzn,,,,,,,101.0,,,,25,49,0.045299,,0.131,,minimize,../mzn-challenge/2022/nfc/nfc.mzn,1,102.0,,,1836.0,,,0,,nfc,,,,,0.0,baseline,,1.0,0.145,,,OPTIMAL_SOLUTION,,0.6163158730014402,,52.0,
123,,,86.0,or-tools,,../minizinc-benchmarks/rcpsp/data_psplib/j30/J30_43_6.dzn,,,,,2.0,,4.0,,1.0,2.0,71,31,0.091951,,,,minimize,../minizinc-benchmarks/rcpsp/rcpsp.mzn,6,,,,58.0,58.0,,0,,rcpsp,,871.0,,,,baseline,,,0.004581,,,OPTIMAL_SOLUTION,,0.2294479109987151,,,
124,,,,choco.noglobal,17522.0,../minizinc-benchmarks/rcpsp/data_psplib/j30/J30_1_3.dzn,,,,,,8459.0,43.0,,4092.0,12518.0,13430,4365,0.253456,,0.437,,minimize,../minizinc-benchmarks/rcpsp/rcpsp.mzn,2,46.0,,,47.0,,,0,,rcpsp,,,,,0.0,baseline,,2.0,0.169,,,OPTIMAL_SOLUTION,,1.2621357239986537,,21227.0,
125,,,48488.0,or-tools.noglobal,,../mzn-challenge/2022/accap/accap_a40_f800_t180.json,,,,,,26770.0,51.0,,13385.0,26770.0,43503,842,6.73299,,,,minimize,../mzn-challenge/2022/accap/accap.mzn,179,,,,2544.0,169.0,,0,,accap,,44831685.0,,,,baseline,,,292.797,,,SATISFIED,,300.58954219899897,,,
126,,,5007.0,or-tools,,../mzn-challenge/2022/generalized-peacable-queens/n8_q3.json,,,,,,1764.0,25532.0,,2177.0,2297.0,1638,385,0.1504,,,,maximize,../mzn-challenge/2022/generalized-peacable-queens/peaceable_queens.mzn,5,,,,4.0,20.0,,0,,generalized-peacable-queens,,24099453.0,,,,baseline,,,63.819,,,SATISFIED,,300.1864799149989,,,
127,,,,choco.noglobal,22446.0,../minizinc-benchmarks/rcpsp/data_psplib/j30/J30_2_2.dzn,,,,,,10832.0,31.0,,5237.0,16051.0,17209,5608,0.298675,,0.536,,minimize,../minizinc-benchmarks/rcpsp/rcpsp.mzn,1,32.0,,,51.0,,,0,,rcpsp,,,,,0.0,baseline,,1.0,0.219,,,OPTIMAL_SOLUTION,,1.522108125995146,,27246.0,
128,,,,choco,811.0,../mzn-challenge/2022/spot5/404.dzn,,,,,,100.0,41141001.0,,,100.0,811,201,0.047607,,0.192,,minimize,../mzn-challenge/2022/spot5/spot5.mzn,23,41141131.0,,,141.0,,,0,,spot5,,,,,0.0,baseline,,23.0,299.953,,,SATISFIED,,300.4288042660009,,302.0,
129,,,466.0,or-tools,,../mzn-challenge/2022/accap/accap_a4_f30_t15.json,,,,,,,15489.0,,,,230,36,0.034718,,,,minimize,../mzn-challenge/2022/accap/accap.mzn,67,,,,103.0,62.0,,0,,accap,,2954290.0,,,,baseline,,,2.1679,,,SATISFIED,,300.0943037289999,,,
130,,,,choco,164.0,../mzn-challenge/2022/team-assignment/data3_5_31.dzn,,,,,,76.0,22271868.0,,,76.0,164,236,0.088998,,0.222,,maximize,../mzn-challenge/2022/team-assignment/model.mzn,60,22272101.0,,,6275.0,,,0,,team-assignment,,,,,0.0,baseline,,60.0,299.908,,,SATISFIED,,300.5395597019997,,377.0,
131,,,105.0,or-tools.noglobal,,../mzn-challenge/2022/nfc/24_4_2.dzn,,,,,,,2.0,,,,49,49,0.049642,,,,minimize,../mzn-challenge/2022/nfc/nfc.mzn,1,,,,1836.0,1836.0,,0,,nfc,,1658.0,,,,baseline,,,0.010092,,,OPTIMAL_SOLUTION,,0.1443102430021099,,,
132,,,,choco.noglobal,19937.0,../minizinc-benchmarks/rcpsp/data_psplib/j30/J30_21_4.dzn,,,,,,9651.0,2836543.0,,4667.0,14232.0,15270,4929,0.383967,,0.581,,minimize,../minizinc-benchmarks/rcpsp/rcpsp.mzn,9,2836572.0,,,70.0,,,0,,rcpsp,,,,,0.0,baseline,,9.0,299.617,,,SATISFIED,,301.0331836000005,,24069.0,
133,,,,choco.noglobal,17514.0,../mzn-challenge/2022/team-assignment/data3_5_31.dzn,,,,,,7764.0,21799384.0,,,7764.0,17514,7982,0.246462,,0.512,,maximize,../mzn-challenge/2022/team-assignment/model.mzn,60,21799618.0,,,6275.0,,,0,,team-assignment,,,,,0.0,baseline,,60.0,299.755,,,SATISFIED,,300.96565741200175,,19654.0,
134,,,,choco,99.0,../minizinc-benchmarks/rcpsp/data_psplib/j30/J30_39_5.dzn,,,,,20.0,,60.0,,10.0,20.0,89,31,0.07312,,0.174,,minimize,../minizinc-benchmarks/rcpsp/rcpsp.mzn,2,63.0,,,55.0,,,0,,rcpsp,,,,,0.0,baseline,,2.0,0.024,,,OPTIMAL_SOLUTION,,0.6324671859983937,,136.0,
135,,,74.0,or-tools,,../minizinc-benchmarks/rcpsp/data_psplib/j30/J30_20_6.dzn,,,,,42.0,,0.0,,21.0,42.0,101,31,0.091052,,,,minimize,../minizinc-benchmarks/rcpsp/rcpsp.mzn,1,,,,51.0,51.0,,0,,rcpsp,,753.0,,,,baseline,,,0.009202,,,OPTIMAL_SOLUTION,,0.215660879999632,,,
136,,,451.0,or-tools,,../minizinc-benchmarks/rcpsp/data_psplib/j30/J30_21_4.dzn,,,,,172.0,,739.0,,86.0,172.0,231,31,0.077884,,,,minimize,../minizinc-benchmarks/rcpsp/rcpsp.mzn,9,,,,70.0,70.0,,0,,rcpsp,,99802.0,,,,baseline,,,0.051363,,,OPTIMAL_SOLUTION,,0.2386640999975497,,,
137,,,,choco.noglobal,2900.0,../mzn-challenge/2022/stripboard/common-emitter-simple.dzn,6.0,,,,,1676.0,5108252.0,,665.0,1664.0,2234,306,0.123945,,0.407,,minimize,../mzn-challenge/2022/stripboard/stripboard.mzn,0,5108279.0,,,,,,0,,stripboard,,,,,0.0,baseline,,0.0,299.878,,,UNKNOWN,,300.74354591799965,,3272.0,
138,,,1189.0,or-tools,,../minizinc-benchmarks/rcpsp/data_psplib/j30/J30_41_10.dzn,,,,,412.0,,5605.0,,206.0,412.0,481,31,0.08069,,,,minimize,../minizinc-benchmarks/rcpsp/rcpsp.mzn,15,,,,99.0,99.0,,0,,rcpsp,,1498933.0,,,,baseline,,,0.959758,,,OPTIMAL_SOLUTION,,1.1858680799996364,,,
139,,,,choco,49.0,../minizinc-benchmarks/rcpsp/data_psplib/j30/J30_15_5.dzn,,,,,,,29157.0,,,,49,31,0.072421,,0.198,,minimize,../minizinc-benchmarks/rcpsp/rcpsp.mzn,5,29166.0,,,58.0,,,0,,rcpsp,,,,,0.0,baseline,,5.0,2.567,,,OPTIMAL_SOLUTION,,3.1554168639995623,,174.0,
