"configuration","problem","model","data_file","status","time","failures","flatIntConstraints","hardware","cuda_version","fixpoint_iterations","eps_skipped_subproblems","arch","solveTime","flatTime","nSolutions","propagator_mem","stack_size","peakDepth","version","initTime","propagators","store_mem","problem_path","shared_mem","eps_num_subproblems","error","num_refinements","num_tables","nodes","or_nodes","num_solutions","variables","and_nodes","run","eliminated_formulas","eps_solved_subproblems","num_blocks_done","timeout_ms","memory_configuration","free_search","eliminated_variables","flatIntVars","solver","paths","method"
"TurboGPU","graph-labelling","../data/table/graph-labelling/graph-labelling-noalldiff-short-pos-int.mzn","../data/table/graph-labelling/short-pos-int/dwt__992-35-short-pos-int-992-SAT.dzn","UNKNOWN","609.2086913479998","","499412","","","","","","","51.7038","0","","","","","","","","","","","","","","","","","","","turbo-v1.2.0-A100","","","","","","","","991","","0","satisfy"
"TurboGPU","graph-labelling","../data/table/graph-labelling/graph-labelling-short-pos-int.mzn","../data/table/graph-labelling/short-pos-int/bcsstk01-12-short-pos-int-48-SAT.dzn","UNKNOWN","601.4487277339995","3418012","1304","AMD EPYC 7452 32-Core@2.35GHz; RAM 512GO;NVIDIA A100 40GB HBM","12020","35195431","0","gpu","599.924","0.141886","0","294672","32000","48","1.2.0-64","5.404","1257","624","/tmp/mznfileqSHJB7.fzn","724","4096","","1426","169","6839114","108","0","47","256","turbo-v1.2.0-A100","494","214","0","599854.0","store_shared","no","400","47","Turbo","0","satisfy"
"TurboGPU","graph-labelling","../data/table/graph-labelling/graph-labelling-noalldiff-short-pos-int.mzn","../data/table/graph-labelling/short-pos-int/steam3-7-short-pos-int-80-SAT.dzn","SATISFIED","601.8498571669988","21724","3584","AMD EPYC 7452 32-Core@2.35GHz; RAM 512GO;NVIDIA A100 40GB HBM","12020","184982","1794","gpu","21.934","0.196411","1","773788","32000","57","1.2.0-256","13.449","3505","2776","/tmp/mznfileFFbhwC.fzn","2876","4096","","3918","413","56325","108","1","79","256","turbo-v1.2.0-A100","1086","1294","0","599800.0","store_shared","no","928","79","Turbo","0","satisfy"
"TurboGPU","graph-labelling","../data/table/graph-labelling/graph-labelling-noalldiff-short-pos-int.mzn","../data/table/graph-labelling/short-pos-int/impcol_b-17-short-pos-int-59-SAT.dzn","UNKNOWN","601.3966214190004","1574598","1992","AMD EPYC 7452 32-Core@2.35GHz; RAM 512GO;NVIDIA A100 40GB HBM","12020","14688301","0","gpu","599.857","0.188607","0","459110","32000","47","1.2.0-64","14.864","1934","712","/tmp/mznfilezvNKHO.fzn","812","4096","","2212","278","3152131","108","0","58","256","turbo-v1.2.0-A100","737","0","0","599807.0","store_shared","no","621","58","Turbo","0","satisfy"
"TurboGPU","graph-labelling","../data/table/graph-labelling/graph-labelling-noalldiff-compressed-pos-int.mzn","../data/table/graph-labelling/compressed-pos-int/bcspwr05-25-compressed-pos-int-443-UNSAT.dzn","UNKNOWN","603.0041402949992","306285","98493","AMD EPYC 7452 32-Core@2.35GHz; RAM 512GO;NVIDIA A100 40GB HBM","12020","4068216","0","gpu","598.244","1.79325","0","35350579","32000","57","1.2.0-1024","27.438","98051","56824","/tmp/mznfileGgdG3p.fzn","100","4096","","98638","587","618205","108","0","442","256","turbo-v1.2.0-A100","2507","0","0","598204.0","global","no","1623","442","Turbo","0","satisfy"
"TurboGPU","graph-labelling","../data/table/graph-labelling/graph-labelling-noalldiff-compressed-pos-int.mzn","../data/table/graph-labelling/compressed-pos-int/nos1-3-compressed-pos-int-158-SAT.dzn","SATISFIED","602.3699089859983","432","12715","AMD EPYC 7452 32-Core@2.35GHz; RAM 512GO;NVIDIA A100 40GB HBM","12020","242925","1792","gpu","8.405","0.549568","3","1866566","32000","67","1.2.0-256","4.734","12558","5272","/tmp/mznfile5CgVHX.fzn","5372","4096","","12866","308","9628","108","3","157","256","turbo-v1.2.0-A100","1096","0","0","599447.0","store_shared","no","782","157","Turbo","0","satisfy"
"TurboGPU","graph-labelling","../data/table/graph-labelling/graph-labelling-noalldiff-short-pos-int.mzn","../data/table/graph-labelling/short-pos-int/nos4-10-short-pos-int-100-SAT.dzn","SATISFIED","49.20238591099951","58081","5197","AMD EPYC 7452 32-Core@2.35GHz; RAM 512GO;NVIDIA A100 40GB HBM","12020","773445","12","gpu","47.258","0.209367","1","1139270","32000","87","1.2.0-256","13.571","5098","3416","/tmp/mznfilenyHm4x.fzn","3516","4096","","5339","241","118771","108","1","99","256","turbo-v1.2.0-A100","792","128","0","599787.0","store_shared","no","594","99","Turbo","0","satisfy"
"TurboGPU","graph-labelling","../data/table/graph-labelling/graph-labelling-short-pos-int.mzn","../data/table/graph-labelling/short-pos-int/nos4-10-short-pos-int-100-SAT.dzn","SATISFIED","49.309927963999144","58671","5197","AMD EPYC 7452 32-Core@2.35GHz; RAM 512GO;NVIDIA A100 40GB HBM","12020","781105","14","gpu","47.456","0.206364","1","1139270","32000","87","1.2.0-256","13.641","5098","3416","/tmp/mznfilesCVfHY.fzn","3516","4096","","5339","241","119952","108","1","99","256","turbo-v1.2.0-A100","792","128","0","599791.0","store_shared","no","594","99","Turbo","0","satisfy"
"TurboGPU","graph-labelling","../data/table/graph-labelling/graph-labelling-noalldiff-compressed-pos-int.mzn","../data/table/graph-labelling/compressed-pos-int/nos4-10-compressed-pos-int-100-SAT.dzn","SATISFIED","11.745092896999267","60269","5197","AMD EPYC 7452 32-Core@2.35GHz; RAM 512GO;NVIDIA A100 40GB HBM","12020","802056","12","gpu","9.268","0.418478","1","776582","32000","87","1.2.0-256","2.473","5098","3416","/tmp/mznfile3jVx0L.fzn","3516","4096","","5339","241","123266","108","1","99","256","turbo-v1.2.0-A100","792","130","0","599577.0","store_shared","no","594","99","Turbo","0","satisfy"
"TurboGPU","graph-labelling","../data/table/graph-labelling/graph-labelling-noalldiff-compressed-pos-int.mzn","../data/table/graph-labelling/compressed-pos-int/bcspwr02-7-compressed-pos-int-49-SAT.dzn","SATISFIED","602.3181950070011","3463","1235","AMD EPYC 7452 32-Core@2.35GHz; RAM 512GO;NVIDIA A100 40GB HBM","12020","45390","0","gpu","2.052","0.383839","1","175824","32000","36","1.2.0-64","0.325","1187","632","/tmp/mznfileXiXaR7.fzn","732","4096","","1245","58","8923","108","1","48","256","turbo-v1.2.0-A100","263","7","0","599612.0","store_shared","no","167","48","Turbo","0","satisfy"
"TurboGPU","graph-labelling","../data/table/graph-labelling/graph-labelling-noalldiff-short-pos-int.mzn","../data/table/graph-labelling/short-pos-int/dwt__221-12-short-pos-int-221-UNSAT.dzn","UNKNOWN","602.3195772990002","95039","25014","AMD EPYC 7452 32-Core@2.35GHz; RAM 512GO;NVIDIA A100 40GB HBM","12020","1372864","0","gpu","599.404","0.690248","0","4948617","32000","36","1.2.0-256","101.062","24794","7288","/tmp/mznfilepLf3rD.fzn","7388","4096","","25493","699","191908","108","0","220","256","turbo-v1.2.0-A100","2069","22","0","599307.0","store_shared","no","1629","220","Turbo","0","satisfy"
"TurboGPU","graph-labelling","../data/table/graph-labelling/graph-labelling-compressed-pos-int.mzn","../data/table/graph-labelling/compressed-pos-int/dwt__221-12-compressed-pos-int-221-UNSAT.dzn","UNKNOWN","602.3495990770007","1332041","25014","AMD EPYC 7452 32-Core@2.35GHz; RAM 512GO;NVIDIA A100 40GB HBM","12020","19196355","0","gpu","599.355","0.711264","0","3675993","32000","50","1.2.0-256","14.931","24794","7288","/tmp/mznfile7cpLbi.fzn","7388","4096","","25493","699","2665788","108","0","220","256","turbo-v1.2.0-A100","2069","43","0","599285.0","store_shared","no","1629","220","Turbo","0","satisfy"
"TurboGPU","graph-labelling","../data/table/graph-labelling/graph-labelling-noalldiff-short-pos-int.mzn","../data/table/graph-labelling/short-pos-int/pores_1-6-short-pos-int-30-UNSAT.dzn","UNSATISFIABLE","36.35305732099914","29152","538","AMD EPYC 7452 32-Core@2.35GHz; RAM 512GO;NVIDIA A100 40GB HBM","12020","276740","2700","gpu","35.143","0.12504","0","111484","32000","26","1.2.0-64","1.006999","509","480","/tmp/mznfilezWIxc1.fzn","580","4096","","605","96","81363","108","0","29","256","turbo-v1.2.0-A100","294","1452","108","599871.0","store_shared","no","236","29","Turbo","0","satisfy"
"TurboGPU","graph-labelling","../data/table/graph-labelling/graph-labelling-noalldiff-compressed-pos-int.mzn","../data/table/graph-labelling/compressed-pos-int/nos1-2-compressed-pos-int-158-UNSAT.dzn","UNSATISFIABLE","9.587294511999062","1700","12715","AMD EPYC 7452 32-Core@2.35GHz; RAM 512GO;NVIDIA A100 40GB HBM","12020","129814","4224","gpu","7.228","0.517223","0","1866259","32000","0","1.2.0-256","4.747","12558","5272","/tmp/mznfile2Km6Sj.fzn","5372","4096","","12866","308","7218","108","0","157","256","turbo-v1.2.0-A100","1096","0","108","599479.0","store_shared","no","782","157","Turbo","0","satisfy"
"TurboGPU","graph-labelling","../data/table/graph-labelling/graph-labelling-noalldiff-compressed-pos-int.mzn","../data/table/graph-labelling/compressed-pos-int/impcol_b-16-compressed-pos-int-59-UNSAT.dzn","ERROR","553.7033542159988","","1992","","","","","","","0.366868","0","286176","","","","","","712","","812","","MiniZinc stopped with a non-zero exit code, but did not output an error message. ","","","","","","","","turbo-v1.2.0-A100","","","","","store_shared","","","58","","0","satisfy"
"TurboGPU","graph-labelling","../data/table/graph-labelling/graph-labelling-compressed-pos-int.mzn","../data/table/graph-labelling/compressed-pos-int/fs_680_1-16-compressed-pos-int-680-UNSAT.dzn","UNKNOWN","603.7846372200001","37841","232324","AMD EPYC 7452 32-Core@2.35GHz; RAM 512GO;NVIDIA A100 40GB HBM","12020","1113121","0","gpu","596.155","3.91376","0","83085628","32000","50","1.2.0-1024","97.571","231645","87160","/tmp/mznfileAuNJrj.fzn","100","4096","","233107","1462","80969","108","0","679","256","turbo-v1.2.0-A100","4966","0","0","596084.0","global","no","3608","679","Turbo","0","satisfy"
"TurboGPU","graph-labelling","../data/table/graph-labelling/graph-labelling-noalldiff-compressed-pos-int.mzn","../data/table/graph-labelling/compressed-pos-int/curtis54-8-compressed-pos-int-54-SAT.dzn","SATISFIED","4.188165870000375","13030","1555","AMD EPYC 7452 32-Core@2.35GHz; RAM 512GO;NVIDIA A100 40GB HBM","12020","139363","168","gpu","1.959","0.3821","1","232070","32000","38","1.2.0-64","0.671","1502","672","/tmp/mznfileUAm0jz.fzn","772","4096","","1617","115","29164","108","1","53","256","turbo-v1.2.0-A100","408","496","0","599614.0","store_shared","no","302","53","Turbo","0","satisfy"
"TurboGPU","graph-labelling","../data/table/graph-labelling/graph-labelling-noalldiff-short-pos-int.mzn","../data/table/graph-labelling/short-pos-int/bcspwr02-7-short-pos-int-49-SAT.dzn","SATISFIED","601.7676331900002","3117","1235","AMD EPYC 7452 32-Core@2.35GHz; RAM 512GO;NVIDIA A100 40GB HBM","12020","42655","0","gpu","2.188","0.128661","1","205257","32000","36","1.2.0-64","1.101","1187","632","/tmp/mznfilexDlcmh.fzn","732","4096","","1245","58","8147","108","1","48","256","turbo-v1.2.0-A100","263","7","0","599853.0","store_shared","no","167","48","Turbo","0","satisfy"
"TurboGPU","graph-labelling","../data/table/graph-labelling/graph-labelling-short-pos-int.mzn","../data/table/graph-labelling/short-pos-int/steam3-7-short-pos-int-80-SAT.dzn","SATISFIED","601.8391682360016","21504","3584","AMD EPYC 7452 32-Core@2.35GHz; RAM 512GO;NVIDIA A100 40GB HBM","12020","183837","1766","gpu","21.172","0.19472","1","773788","32000","57","1.2.0-256","13.072","3505","2776","/tmp/mznfiler3tuVS.fzn","2876","4096","","3918","413","55878","108","1","79","256","turbo-v1.2.0-A100","1086","1284","0","599802.0","store_shared","no","928","79","Turbo","0","satisfy"
"TurboGPU","graph-labelling","../data/table/graph-labelling/graph-labelling-noalldiff-short-pos-int.mzn","../data/table/graph-labelling/short-pos-int/dwt__310-12-short-pos-int-310-SAT.dzn","UNKNOWN","603.3891258179999","12282","48964","AMD EPYC 7452 32-Core@2.35GHz; RAM 512GO;NVIDIA A100 40GB HBM","12020","294087","0","gpu","598.715","1.34224","0","22895875","32000","22","1.2.0-1024","241.614","48655","39800","/tmp/mznfilegRJDqU.fzn","39900","4096","","49717","1062","26443","108","0","309","256","turbo-v1.2.0-A100","3066","0","0","598654.0","store_shared","no","2448","309","Turbo","0","satisfy"
"TurboGPU","graph-labelling","../data/table/graph-labelling/graph-labelling-noalldiff-compressed-pos-int.mzn","../data/table/graph-labelling/compressed-pos-int/bcspwr01-3-compressed-pos-int-39-UNSAT.dzn","UNSATISFIABLE","5.778501927999969","15574","787","AMD EPYC 7452 32-Core@2.35GHz; RAM 512GO;NVIDIA A100 40GB HBM","12020","300561","3658","gpu","3.845","0.339868","0","113385","32000","14","1.2.0-64","0.19","749","552","/tmp/mznfilezzLq5A.fzn","652","4096","","793","44","47602","108","0","38","256","turbo-v1.2.0-A100","207","534","108","599656.0","store_shared","no","131","38","Turbo","0","satisfy"
"TurboGPU","graph-labelling","../data/table/graph-labelling/graph-labelling-compressed-pos-int.mzn","../data/table/graph-labelling/compressed-pos-int/dwt__310-12-compressed-pos-int-310-SAT.dzn","UNKNOWN","602.6866276919991","202511","48964","AMD EPYC 7452 32-Core@2.35GHz; RAM 512GO;NVIDIA A100 40GB HBM","12020","4338738","0","gpu","598.914","1.10312","0","17548982","32000","39","1.2.0-1024","31.476","48655","39800","/tmp/mznfilelhXHWq.fzn","39900","4096","","49717","1062","406955","108","0","309","256","turbo-v1.2.0-A100","3066","7","0","598894.0","store_shared","no","2448","309","Turbo","0","satisfy"
"TurboGPU","graph-labelling","../data/table/graph-labelling/graph-labelling-short-pos-int.mzn","../data/table/graph-labelling/short-pos-int/pores_1-6-short-pos-int-30-UNSAT.dzn","UNSATISFIABLE","39.158812786","29113","538","AMD EPYC 7452 32-Core@2.35GHz; RAM 512GO;NVIDIA A100 40GB HBM","12020","277058","2728","gpu","37.899","0.118205","0","111484","32000","26","1.2.0-64","1.000999","509","480","/tmp/mznfileGltHgz.fzn","580","4096","","605","96","81244","108","0","29","256","turbo-v1.2.0-A100","294","1449","108","599877.0","store_shared","no","236","29","Turbo","0","satisfy"
"TurboGPU","graph-labelling","../data/table/graph-labelling/graph-labelling-short-pos-int.mzn","../data/table/graph-labelling/short-pos-int/bcspwr01-4-short-pos-int-39-SAT.dzn","SATISFIED","204.46509308400027","3563313","787","AMD EPYC 7452 32-Core@2.35GHz; RAM 512GO;NVIDIA A100 40GB HBM","12020","38081230","844","gpu","203.243","0.12488","1","124636","32000","49","1.2.0-64","0.416","749","552","/tmp/mznfilecYCdO8.fzn","652","4096","","793","44","7129841","108","1","38","256","turbo-v1.2.0-A100","207","826","0","599871.0","store_shared","no","131","38","Turbo","0","satisfy"
"TurboGPU","graph-labelling","../data/table/graph-labelling/graph-labelling-noalldiff-compressed-pos-int.mzn","../data/table/graph-labelling/compressed-pos-int/will57-6-compressed-pos-int-57-SAT.dzn","UNKNOWN","601.7084314840013","9234715","1723","AMD EPYC 7452 32-Core@2.35GHz; RAM 512GO;NVIDIA A100 40GB HBM","12020","110567579","1360","gpu","599.622","0.399048","0","244176","32000","46","1.2.0-64","0.737","1667","696","/tmp/mznfileWD9Ygf.fzn","796","4096","","1793","126","18470553","108","0","56","256","turbo-v1.2.0-A100","423","2677","0","599597.0","store_shared","no","311","56","Turbo","0","satisfy"
"TurboGPU","graph-labelling","../data/table/graph-labelling/graph-labelling-noalldiff-short-pos-int.mzn","../data/table/graph-labelling/short-pos-int/lns__131-20-short-pos-int-123-SAT.dzn","UNKNOWN","601.6909836250015","371448","7778","AMD EPYC 7452 32-Core@2.35GHz; RAM 512GO;NVIDIA A100 40GB HBM","12020","4845295","0","gpu","599.728","0.311528","0","2072304","32000","42","1.2.0-256","36.109","7656","4152","/tmp/mznfileYGn7wc.fzn","4252","4096","","7929","273","746625","108","0","122","256","turbo-v1.2.0-A100","917","0","0","599685.0","store_shared","no","673","122","Turbo","0","satisfy"
"TurboGPU","graph-labelling","../data/table/graph-labelling/graph-labelling-short-pos-int.mzn","../data/table/graph-labelling/short-pos-int/pores_1-7-short-pos-int-30-SAT.dzn","SATISFIED","9.633443552999779","98091","538","AMD EPYC 7452 32-Core@2.35GHz; RAM 512GO;NVIDIA A100 40GB HBM","12020","840265","1368","gpu","8.273","0.128162","1","118742","32000","29","1.2.0-64","1.179","509","480","/tmp/mznfiledQfZQz.fzn","580","4096","","605","96","216492","108","1","29","256","turbo-v1.2.0-A100","294","2540","0","599868.0","store_shared","no","236","29","Turbo","0","satisfy"
"TurboGPU","graph-labelling","../data/table/graph-labelling/graph-labelling-noalldiff-short-pos-int.mzn","../data/table/graph-labelling/short-pos-int/curtis54-8-short-pos-int-54-SAT.dzn","SATISFIED","6.075573848000204","12761","1555","AMD EPYC 7452 32-Core@2.35GHz; RAM 512GO;NVIDIA A100 40GB HBM","12020","136791","168","gpu","4.733","0.146499","1","299731","32000","38","1.2.0-64","2.816","1502","672","/tmp/mznfileEOP5iF.fzn","772","4096","","1617","115","28747","108","1","53","256","turbo-v1.2.0-A100","408","495","0","599849.0","store_shared","no","302","53","Turbo","0","satisfy"
"TurboGPU","graph-labelling","../data/table/graph-labelling/graph-labelling-noalldiff-short-pos-int.mzn","../data/table/graph-labelling/short-pos-int/nos1-2-short-pos-int-158-UNSAT.dzn","UNSATISFIABLE","10.942368187999818","1689","12715","AMD EPYC 7452 32-Core@2.35GHz; RAM 512GO;NVIDIA A100 40GB HBM","12020","129059","4224","gpu","9.324","0.266789","0","1926969","32000","0","1.2.0-256","6.265","12558","5272","/tmp/mznfileBS9Ufu.fzn","5372","4096","","12866","308","7168","108","0","157","256","turbo-v1.2.0-A100","1096","0","108","599730.0","store_shared","no","782","157","Turbo","0","satisfy"
"TurboGPU","graph-labelling","../data/table/graph-labelling/graph-labelling-noalldiff-short-pos-int.mzn","../data/table/graph-labelling/short-pos-int/ibm32-9-short-pos-int-32-SAT.dzn","SATISFIED","16.74169604999952","185782","586","AMD EPYC 7452 32-Core@2.35GHz; RAM 512GO;NVIDIA A100 40GB HBM","12020","1855977","0","gpu","15.43","0.126512","1","121248","32000","31","1.2.0-64","1.37","555","496","/tmp/mznfile6e9qpU.fzn","596","4096","","642","87","376106","108","1","31","256","turbo-v1.2.0-A100","274","501","0","599869.0","store_shared","no","212","31","Turbo","0","satisfy"
"TurboGPU","graph-labelling","../data/table/graph-labelling/graph-labelling-noalldiff-compressed-pos-int.mzn","../data/table/graph-labelling/compressed-pos-int/dwt__310-12-compressed-pos-int-310-SAT.dzn","UNKNOWN","602.7250338900012","202596","48964","AMD EPYC 7452 32-Core@2.35GHz; RAM 512GO;NVIDIA A100 40GB HBM","12020","4344278","0","gpu","598.962","1.0891","0","17548982","32000","39","1.2.0-1024","31.149","48655","39800","/tmp/mznfileXAcnn0.fzn","39900","4096","","49717","1062","407131","108","0","309","256","turbo-v1.2.0-A100","3066","7","0","598908.0","store_shared","no","2448","309","Turbo","0","satisfy"
"TurboGPU","graph-labelling","../data/table/graph-labelling/graph-labelling-short-pos-int.mzn","../data/table/graph-labelling/short-pos-int/dwt__992-34-short-pos-int-992-UNSAT.dzn","UNKNOWN","609.2389109630003","","499412","","","","","","","50.7947","0","","","","","","","","","","","","","","","","","","","turbo-v1.2.0-A100","","","","","","","","991","","0","satisfy"
"TurboGPU","graph-labelling","../data/table/graph-labelling/graph-labelling-noalldiff-compressed-pos-int.mzn","../data/table/graph-labelling/compressed-pos-int/ibm32-8-compressed-pos-int-32-UNSAT.dzn","UNKNOWN","601.7749939959995","12601160","586","AMD EPYC 7452 32-Core@2.35GHz; RAM 512GO;NVIDIA A100 40GB HBM","12020","139763143","76","gpu","599.718","0.363679","0","85910","32000","48","1.2.0-64","0.309","555","496","/tmp/mznfile6JcAgz.fzn","596","4096","","642","87","25226302","108","0","31","256","turbo-v1.2.0-A100","274","3900","0","599632.0","store_shared","no","212","31","Turbo","0","satisfy"
"TurboGPU","graph-labelling","../data/table/graph-labelling/graph-labelling-short-pos-int.mzn","../data/table/graph-labelling/short-pos-int/will57-6-short-pos-int-57-SAT.dzn","UNKNOWN","601.09748296","4747595","1723","AMD EPYC 7452 32-Core@2.35GHz; RAM 512GO;NVIDIA A100 40GB HBM","12020","57512016","1334","gpu","599.888","0.149441","0","278294","32000","45","1.2.0-64","2.376","1667","696","/tmp/mznfilejA1NaZ.fzn","796","4096","","1793","126","9496644","108","0","56","256","turbo-v1.2.0-A100","423","2680","0","599846.0","store_shared","no","311","56","Turbo","0","satisfy"
"TurboGPU","graph-labelling","../data/table/graph-labelling/graph-labelling-noalldiff-compressed-pos-int.mzn","../data/table/graph-labelling/compressed-pos-int/ibm32-9-compressed-pos-int-32-SAT.dzn","SATISFIED","10.278144502000941","181455","586","AMD EPYC 7452 32-Core@2.35GHz; RAM 512GO;NVIDIA A100 40GB HBM","12020","1795345","0","gpu","8.138","0.360107","1","85987","32000","30","1.2.0-64","0.32","555","496","/tmp/mznfileAJCMsI.fzn","596","4096","","642","87","367452","108","1","31","256","turbo-v1.2.0-A100","274","498","0","599636.0","store_shared","no","212","31","Turbo","0","satisfy"
"TurboGPU","graph-labelling","../data/table/graph-labelling/graph-labelling-compressed-pos-int.mzn","../data/table/graph-labelling/compressed-pos-int/impcol_b-17-compressed-pos-int-59-SAT.dzn","UNKNOWN","601.8452519829989","8715599","1992","AMD EPYC 7452 32-Core@2.35GHz; RAM 512GO;NVIDIA A100 40GB HBM","12020","82535176","0","gpu","599.621","0.405323","0","286252","32000","56","1.2.0-64","1.774","1934","712","/tmp/mznfileOZ8ewE.fzn","812","4096","","2212","278","17434163","108","0","58","256","turbo-v1.2.0-A100","737","0","0","599590.0","store_shared","no","621","58","Turbo","0","satisfy"
"TurboGPU","graph-labelling","../data/table/graph-labelling/graph-labelling-noalldiff-compressed-pos-int.mzn","../data/table/graph-labelling/compressed-pos-int/dwt__221-12-compressed-pos-int-221-UNSAT.dzn","UNKNOWN","602.2122404140009","1332478","25014","AMD EPYC 7452 32-Core@2.35GHz; RAM 512GO;NVIDIA A100 40GB HBM","12020","19204369","0","gpu","599.297","0.730018","0","3675993","32000","50","1.2.0-256","14.48","24794","7288","/tmp/mznfile0XDr8B.fzn","7388","4096","","25493","699","2666607","108","0","220","256","turbo-v1.2.0-A100","2069","43","0","599266.0","store_shared","no","1629","220","Turbo","0","satisfy"
"TurboGPU","graph-labelling","../data/table/graph-labelling/graph-labelling-compressed-pos-int.mzn","../data/table/graph-labelling/compressed-pos-int/dwt__310-11-compressed-pos-int-310-UNSAT.dzn","UNKNOWN","602.6555940500002","230647","48964","AMD EPYC 7452 32-Core@2.35GHz; RAM 512GO;NVIDIA A100 40GB HBM","12020","4476893","0","gpu","598.951","1.1136","0","17537558","32000","33","1.2.0-1024","30.962","48655","39800","/tmp/mznfilejH6hIc.fzn","39900","4096","","49717","1062","461908","108","0","309","256","turbo-v1.2.0-A100","3066","90","0","598884.0","store_shared","no","2448","309","Turbo","0","satisfy"
"TurboGPU","graph-labelling","../data/table/graph-labelling/graph-labelling-compressed-pos-int.mzn","../data/table/graph-labelling/compressed-pos-int/will57-5-compressed-pos-int-57-UNSAT.dzn","UNSATISFIABLE","29.315723158000765","38309","1723","AMD EPYC 7452 32-Core@2.35GHz; RAM 512GO;NVIDIA A100 40GB HBM","12020","504752","2882","gpu","27.199","0.37894","0","244099","32000","19","1.2.0-64","0.695","1667","696","/tmp/mznfileVEZ70l.fzn","796","4096","","1793","126","91274","108","0","56","256","turbo-v1.2.0-A100","423","1290","108","599617.0","store_shared","no","311","56","Turbo","0","satisfy"
"TurboGPU","graph-labelling","../data/table/graph-labelling/graph-labelling-noalldiff-compressed-pos-int.mzn","../data/table/graph-labelling/compressed-pos-int/impcol_b-17-compressed-pos-int-59-SAT.dzn","UNKNOWN","601.8750439520009","8717246","1992","AMD EPYC 7452 32-Core@2.35GHz; RAM 512GO;NVIDIA A100 40GB HBM","12020","82573864","0","gpu","599.693","0.401732","0","286252","32000","56","1.2.0-64","1.778","1934","712","/tmp/mznfilew8cu8y.fzn","812","4096","","2212","278","17437433","108","0","58","256","turbo-v1.2.0-A100","737","0","0","599594.0","store_shared","no","621","58","Turbo","0","satisfy"
"TurboGPU","graph-labelling","../data/table/graph-labelling/graph-labelling-compressed-pos-int.mzn","../data/table/graph-labelling/compressed-pos-int/impcol_b-16-compressed-pos-int-59-UNSAT.dzn","UNKNOWN","601.7257364179986","9412016","1992","AMD EPYC 7452 32-Core@2.35GHz; RAM 512GO;NVIDIA A100 40GB HBM","12020","80274173","0","gpu","599.664","0.405054","0","286176","32000","57","1.2.0-64","1.808","1934","712","/tmp/mznfileeMZjsh.fzn","812","4096","","2212","278","18826576","108","0","58","256","turbo-v1.2.0-A100","737","0","0","599590.0","store_shared","no","621","58","Turbo","0","satisfy"
"TurboGPU","graph-labelling","../data/table/graph-labelling/graph-labelling-noalldiff-compressed-pos-int.mzn","../data/table/graph-labelling/compressed-pos-int/bcspwr05-26-compressed-pos-int-443-SAT.dzn","UNKNOWN","602.8981565949998","300265","98493","AMD EPYC 7452 32-Core@2.35GHz; RAM 512GO;NVIDIA A100 40GB HBM","12020","4055329","0","gpu","598.243","1.79114","0","35351808","32000","57","1.2.0-1024","27.366","98051","56824","/tmp/mznfileL7Gk3F.fzn","100","4096","","98638","587","606269","108","0","442","256","turbo-v1.2.0-A100","2507","0","0","598206.0","global","no","1623","442","Turbo","0","satisfy"
"TurboGPU","graph-labelling","../data/table/graph-labelling/graph-labelling-noalldiff-compressed-pos-int.mzn","../data/table/graph-labelling/compressed-pos-int/dwt__992-34-compressed-pos-int-992-UNSAT.dzn","UNKNOWN","607.0037877220002","","499412","","","","","","","9.6181","0","","","","","","","","","","","","","","","","","","","turbo-v1.2.0-A100","","","","","","","","991","","0","satisfy"
"TurboGPU","graph-labelling","../data/table/graph-labelling/graph-labelling-noalldiff-compressed-pos-int.mzn","../data/table/graph-labelling/compressed-pos-int/lns__131-19-compressed-pos-int-123-UNSAT.dzn","UNKNOWN","601.7844903169989","4465903","7778","AMD EPYC 7452 32-Core@2.35GHz; RAM 512GO;NVIDIA A100 40GB HBM","12020","59513375","0","gpu","599.54","0.466329","0","1151625","32000","42","1.2.0-256","3.529","7656","4152","/tmp/mznfilehiKe0H.fzn","4252","4096","","7929","273","8935332","108","0","122","256","turbo-v1.2.0-A100","917","0","0","599530.0","store_shared","no","673","122","Turbo","0","satisfy"
"TurboGPU","graph-labelling","../data/table/graph-labelling/graph-labelling-short-pos-int.mzn","../data/table/graph-labelling/short-pos-int/dwt__992-35-short-pos-int-992-SAT.dzn","UNKNOWN","609.1908684059999","","499412","","","","","","","52.1113","0","","","","","","","","","","","","","","","","","","","turbo-v1.2.0-A100","","","","","","","","991","","0","satisfy"
"TurboGPU","graph-labelling","../data/table/graph-labelling/graph-labelling-compressed-pos-int.mzn","../data/table/graph-labelling/compressed-pos-int/bcspwr01-3-compressed-pos-int-39-UNSAT.dzn","UNSATISFIABLE","6.234196436000275","15634","787","AMD EPYC 7452 32-Core@2.35GHz; RAM 512GO;NVIDIA A100 40GB HBM","12020","299288","3672","gpu","4.206","0.358625","0","113385","32000","14","1.2.0-64","0.192","749","552","/tmp/mznfileHS1Bmx.fzn","652","4096","","793","44","47650","108","0","38","256","turbo-v1.2.0-A100","207","540","108","599637.0","store_shared","no","131","38","Turbo","0","satisfy"
"TurboGPU","graph-labelling","../data/table/graph-labelling/graph-labelling-noalldiff-compressed-pos-int.mzn","../data/table/graph-labelling/compressed-pos-int/pores_1-7-compressed-pos-int-30-SAT.dzn","SATISFIED","7.138064378999843","100153","538","AMD EPYC 7452 32-Core@2.35GHz; RAM 512GO;NVIDIA A100 40GB HBM","12020","812561","1374","gpu","4.954","0.377166","1","84643","32000","29","1.2.0-64","0.319","509","480","/tmp/mznfilePHf7WS.fzn","580","4096","","605","96","220305","108","1","29","256","turbo-v1.2.0-A100","294","2559","0","599618.0","store_shared","no","236","29","Turbo","0","satisfy"
"TurboGPU","graph-labelling","../data/table/graph-labelling/graph-labelling-short-pos-int.mzn","../data/table/graph-labelling/short-pos-int/bcspwr05-25-short-pos-int-443-UNSAT.dzn","UNKNOWN","604.6164446040002","3522","98493","AMD EPYC 7452 32-Core@2.35GHz; RAM 512GO;NVIDIA A100 40GB HBM","12020","91957","0","gpu","597.565","2.4752","0","50350348","32000","50","1.2.0-1024","413.452","98051","56824","/tmp/mznfileRicqvj.fzn","100","4096","","98638","587","12777","108","0","442","256","turbo-v1.2.0-A100","2507","0","0","597522.0","global","no","1623","442","Turbo","0","satisfy"
"TurboGPU","graph-labelling","../data/table/graph-labelling/graph-labelling-compressed-pos-int.mzn","../data/table/graph-labelling/compressed-pos-int/bcspwr05-25-compressed-pos-int-443-UNSAT.dzn","UNKNOWN","602.8648490490014","306840","98493","AMD EPYC 7452 32-Core@2.35GHz; RAM 512GO;NVIDIA A100 40GB HBM","12020","4075549","0","gpu","598.258","1.78454","0","35350579","32000","57","1.2.0-1024","27.185","98051","56824","/tmp/mznfileKONCZh.fzn","100","4096","","98638","587","619331","108","0","442","256","turbo-v1.2.0-A100","2507","0","0","598213.0","global","no","1623","442","Turbo","0","satisfy"
"TurboGPU","graph-labelling","../data/table/graph-labelling/graph-labelling-noalldiff-short-pos-int.mzn","../data/table/graph-labelling/short-pos-int/dwt__992-34-short-pos-int-992-UNSAT.dzn","UNKNOWN","609.13734817","","499412","","","","","","","50.8594","0","","","","","","","","","","","","","","","","","","","turbo-v1.2.0-A100","","","","","","","","991","","0","satisfy"
"TurboGPU","graph-labelling","../data/table/graph-labelling/graph-labelling-noalldiff-compressed-pos-int.mzn","../data/table/graph-labelling/compressed-pos-int/bcsstk01-12-compressed-pos-int-48-SAT.dzn","UNKNOWN","601.8038871909994","9624860","1304","AMD EPYC 7452 32-Core@2.35GHz; RAM 512GO;NVIDIA A100 40GB HBM","12020","98072625","0","gpu","599.645","0.376678","0","192720","32000","52","1.2.0-64","0.914","1257","624","/tmp/mznfilepDRyZ3.fzn","724","4096","","1426","169","19253082","108","0","47","256","turbo-v1.2.0-A100","494","257","0","599619.0","store_shared","no","400","47","Turbo","0","satisfy"
"TurboGPU","graph-labelling","../data/table/graph-labelling/graph-labelling-short-pos-int.mzn","../data/table/graph-labelling/short-pos-int/bcspwr01-3-short-pos-int-39-UNSAT.dzn","UNSATISFIABLE","5.439622322999639","15557","787","AMD EPYC 7452 32-Core@2.35GHz; RAM 512GO;NVIDIA A100 40GB HBM","12020","310140","3722","gpu","4.287","0.127868","0","120067","32000","14","1.2.0-64","0.327","749","552","/tmp/mznfileQAMFHI.fzn","652","4096","","793","44","47523","108","0","38","256","turbo-v1.2.0-A100","207","543","108","599868.0","store_shared","no","131","38","Turbo","0","satisfy"
"TurboGPU","graph-labelling","../data/table/graph-labelling/graph-labelling-short-pos-int.mzn","../data/table/graph-labelling/short-pos-int/dwt__310-11-short-pos-int-310-UNSAT.dzn","UNKNOWN","603.2411076030003","18879","48964","AMD EPYC 7452 32-Core@2.35GHz; RAM 512GO;NVIDIA A100 40GB HBM","12020","327115","0","gpu","598.747","1.30636","0","22403049","32000","20","1.2.0-1024","219.919","48655","39800","/tmp/mznfileQFW9dJ.fzn","39900","4096","","49717","1062","39223","108","0","309","256","turbo-v1.2.0-A100","3066","28","0","598691.0","store_shared","no","2448","309","Turbo","0","satisfy"
"TurboGPU","graph-labelling","../data/table/graph-labelling/graph-labelling-noalldiff-compressed-pos-int.mzn","../data/table/graph-labelling/compressed-pos-int/bcspwr02-6-compressed-pos-int-49-UNSAT.dzn","UNKNOWN","601.6706996009998","12380914","1235","AMD EPYC 7452 32-Core@2.35GHz; RAM 512GO;NVIDIA A100 40GB HBM","12020","154068046","8","gpu","599.646","0.383938","0","175747","32000","62","1.2.0-64","0.322","1187","632","/tmp/mznfileXpuK1E.fzn","732","4096","","1245","58","24763652","108","0","48","256","turbo-v1.2.0-A100","263","804","0","599612.0","store_shared","no","167","48","Turbo","0","satisfy"
"TurboGPU","graph-labelling","../data/table/graph-labelling/graph-labelling-noalldiff-compressed-pos-int.mzn","../data/table/graph-labelling/compressed-pos-int/fs_680_1-16-compressed-pos-int-680-UNSAT.dzn","UNKNOWN","603.7694215430001","37889","232324","AMD EPYC 7452 32-Core@2.35GHz; RAM 512GO;NVIDIA A100 40GB HBM","12020","1115569","0","gpu","596.22","3.80536","0","83085628","32000","50","1.2.0-1024","97.347","231645","87160","/tmp/mznfileHcMDzt.fzn","100","4096","","233107","1462","81063","108","0","679","256","turbo-v1.2.0-A100","4966","0","0","596192.0","global","no","3608","679","Turbo","0","satisfy"
"TurboGPU","graph-labelling","../data/table/graph-labelling/graph-labelling-compressed-pos-int.mzn","../data/table/graph-labelling/compressed-pos-int/pores_1-6-compressed-pos-int-30-UNSAT.dzn","UNSATISFIABLE","31.22180135200051","30015","538","AMD EPYC 7452 32-Core@2.35GHz; RAM 512GO;NVIDIA A100 40GB HBM","12020","267715","2710","gpu","29.202","0.363177","0","84566","32000","26","1.2.0-64","0.307","509","480","/tmp/mznfile1wNfq6.fzn","580","4096","","605","96","82900","108","0","29","256","turbo-v1.2.0-A100","294","1464","108","599632.0","store_shared","no","236","29","Turbo","0","satisfy"
"TurboGPU","graph-labelling","../data/table/graph-labelling/graph-labelling-compressed-pos-int.mzn","../data/table/graph-labelling/compressed-pos-int/nos4-10-compressed-pos-int-100-SAT.dzn","SATISFIED","11.948736113999985","61695","5197","AMD EPYC 7452 32-Core@2.35GHz; RAM 512GO;NVIDIA A100 40GB HBM","12020","821070","14","gpu","9.46","0.440594","1","776582","32000","87","1.2.0-256","2.548","5098","3416","/tmp/mznfilesXByLu.fzn","3516","4096","","5339","241","126079","108","1","99","256","turbo-v1.2.0-A100","792","134","0","599556.0","store_shared","no","594","99","Turbo","0","satisfy"
"TurboGPU","graph-labelling","../data/table/graph-labelling/graph-labelling-compressed-pos-int.mzn","../data/table/graph-labelling/compressed-pos-int/fs_680_1-17-compressed-pos-int-680-SAT.dzn","UNKNOWN","603.6761429220005","36581","232324","AMD EPYC 7452 32-Core@2.35GHz; RAM 512GO;NVIDIA A100 40GB HBM","12020","1101412","0","gpu","596.179","3.89364","0","83086857","32000","51","1.2.0-1024","96.792","231645","87160","/tmp/mznfileSlaF0C.fzn","100","4096","","233107","1462","78394","108","0","679","256","turbo-v1.2.0-A100","4966","0","0","596104.0","global","no","3608","679","Turbo","0","satisfy"
"TurboGPU","graph-labelling","../data/table/graph-labelling/graph-labelling-compressed-pos-int.mzn","../data/table/graph-labelling/compressed-pos-int/dwt__221-13-compressed-pos-int-221-SAT.dzn","UNKNOWN","602.2183633610002","1312672","25014","AMD EPYC 7452 32-Core@2.35GHz; RAM 512GO;NVIDIA A100 40GB HBM","12020","18960794","0","gpu","599.288","0.710684","0","3676300","32000","51","1.2.0-256","14.964","24794","7288","/tmp/mznfilenWbqIC.fzn","7388","4096","","25493","699","2627833","108","0","220","256","turbo-v1.2.0-A100","2069","2","0","599286.0","store_shared","no","1629","220","Turbo","0","satisfy"
"TurboGPU","graph-labelling","../data/table/graph-labelling/graph-labelling-noalldiff-short-pos-int.mzn","../data/table/graph-labelling/short-pos-int/lns__131-19-short-pos-int-123-UNSAT.dzn","UNKNOWN","601.7446737419996","389323","7778","AMD EPYC 7452 32-Core@2.35GHz; RAM 512GO;NVIDIA A100 40GB HBM","12020","5153707","0","gpu","599.729","0.301334","0","2025504","32000","38","1.2.0-256","35.332","7656","4152","/tmp/mznfilewJwwkd.fzn","4252","4096","","7929","273","782162","108","0","122","256","turbo-v1.2.0-A100","917","0","0","599695.0","store_shared","no","673","122","Turbo","0","satisfy"
"TurboGPU","graph-labelling","../data/table/graph-labelling/graph-labelling-noalldiff-short-pos-int.mzn","../data/table/graph-labelling/short-pos-int/ash85-8-short-pos-int-85-UNSAT.dzn","UNKNOWN","601.2875784309999","1677250","3789","AMD EPYC 7452 32-Core@2.35GHz; RAM 512GO;NVIDIA A100 40GB HBM","12020","23741551","168","gpu","599.865","0.180042","0","801340","32000","39","1.2.0-256","8.294","3705","2936","/tmp/mznfileD97B5d.fzn","3036","4096","","3919","214","3352527","108","0","84","256","turbo-v1.2.0-A100","691","1698","0","599817.0","store_shared","no","523","84","Turbo","0","satisfy"
"TurboGPU","graph-labelling","../data/table/graph-labelling/graph-labelling-compressed-pos-int.mzn","../data/table/graph-labelling/compressed-pos-int/dwt__992-34-compressed-pos-int-992-UNSAT.dzn","UNKNOWN","606.9989166089999","","499412","","","","","","","9.68497","0","","","","","","","","","","","","","","","","","","","turbo-v1.2.0-A100","","","","","","","","991","","0","satisfy"
"TurboGPU","graph-labelling","../data/table/graph-labelling/graph-labelling-compressed-pos-int.mzn","../data/table/graph-labelling/compressed-pos-int/will57-6-compressed-pos-int-57-SAT.dzn","UNKNOWN","601.8175195740005","9093388","1723","AMD EPYC 7452 32-Core@2.35GHz; RAM 512GO;NVIDIA A100 40GB HBM","12020","108886106","1344","gpu","599.682","0.380897","0","244176","32000","46","1.2.0-64","0.717","1667","696","/tmp/mznfilehIfDc5.fzn","796","4096","","1793","126","18187861","108","0","56","256","turbo-v1.2.0-A100","423","2672","0","599615.0","store_shared","no","311","56","Turbo","0","satisfy"
"TurboGPU","graph-labelling","../data/table/graph-labelling/graph-labelling-noalldiff-short-pos-int.mzn","../data/table/graph-labelling/short-pos-int/bcsstk01-12-short-pos-int-48-SAT.dzn","UNKNOWN","601.2421570779989","3413840","1304","AMD EPYC 7452 32-Core@2.35GHz; RAM 512GO;NVIDIA A100 40GB HBM","12020","35151642","0","gpu","599.946","0.148223","0","294672","32000","48","1.2.0-64","5.303","1257","624","/tmp/mznfileWemwDI.fzn","724","4096","","1426","169","6830747","108","0","47","256","turbo-v1.2.0-A100","494","215","0","599847.0","store_shared","no","400","47","Turbo","0","satisfy"
"TurboGPU","graph-labelling","../data/table/graph-labelling/graph-labelling-compressed-pos-int.mzn","../data/table/graph-labelling/compressed-pos-int/bcspwr02-7-compressed-pos-int-49-SAT.dzn","SATISFIED","602.3660260140005","3490","1235","AMD EPYC 7452 32-Core@2.35GHz; RAM 512GO;NVIDIA A100 40GB HBM","12020","46133","0","gpu","1.966","0.380504","1","175824","32000","36","1.2.0-64","0.319","1187","632","/tmp/mznfile8KZhDB.fzn","732","4096","","1245","58","8985","108","1","48","256","turbo-v1.2.0-A100","263","7","0","599615.0","store_shared","no","167","48","Turbo","0","satisfy"
"TurboGPU","graph-labelling","../data/table/graph-labelling/graph-labelling-compressed-pos-int.mzn","../data/table/graph-labelling/compressed-pos-int/ibm32-9-compressed-pos-int-32-SAT.dzn","SATISFIED","10.860026237000056","182708","586","AMD EPYC 7452 32-Core@2.35GHz; RAM 512GO;NVIDIA A100 40GB HBM","12020","1808647","0","gpu","8.694","0.346291","1","85987","32000","31","1.2.0-64","0.315","555","496","/tmp/mznfileGjnbE5.fzn","596","4096","","642","87","369972","108","1","31","256","turbo-v1.2.0-A100","274","497","0","599649.0","store_shared","no","212","31","Turbo","0","satisfy"
"TurboGPU","graph-labelling","../data/table/graph-labelling/graph-labelling-noalldiff-short-pos-int.mzn","../data/table/graph-labelling/short-pos-int/impcol_b-16-short-pos-int-59-UNSAT.dzn","UNKNOWN","601.4420974050008","1905619","1992","AMD EPYC 7452 32-Core@2.35GHz; RAM 512GO;NVIDIA A100 40GB HBM","12020","16549894","0","gpu","599.888","0.181237","0","447513","32000","55","1.2.0-64","13.954","1934","712","/tmp/mznfilel2H7JG.fzn","812","4096","","2212","278","3813638","108","0","58","256","turbo-v1.2.0-A100","737","0","0","599814.0","store_shared","no","621","58","Turbo","0","satisfy"
"TurboGPU","graph-labelling","../data/table/graph-labelling/graph-labelling-compressed-pos-int.mzn","../data/table/graph-labelling/compressed-pos-int/ash85-9-compressed-pos-int-85-SAT.dzn","UNKNOWN","601.7784659049994","6495491","3789","AMD EPYC 7452 32-Core@2.35GHz; RAM 512GO;NVIDIA A100 40GB HBM","12020","92827564","0","gpu","599.66","0.423453","0","567580","32000","38","1.2.0-256","1.877","3705","2936","/tmp/mznfileatGqRX.fzn","3036","4096","","3919","214","12990850","108","0","84","256","turbo-v1.2.0-A100","691","856","0","599573.0","store_shared","no","523","84","Turbo","0","satisfy"
"TurboGPU","graph-labelling","../data/table/graph-labelling/graph-labelling-short-pos-int.mzn","../data/table/graph-labelling/short-pos-int/fs_680_1-17-short-pos-int-680-SAT.dzn","UNKNOWN","605.7846794040006","","232324","","","","","","","6.04828","0","","","","","","","","","","","","","","","","","","","turbo-v1.2.0-A100","","","","","","","","679","","0","satisfy"
"TurboGPU","graph-labelling","../data/table/graph-labelling/graph-labelling-compressed-pos-int.mzn","../data/table/graph-labelling/compressed-pos-int/pores_1-7-compressed-pos-int-30-SAT.dzn","SATISFIED","7.019731856000362","101282","538","AMD EPYC 7452 32-Core@2.35GHz; RAM 512GO;NVIDIA A100 40GB HBM","12020","823400","1404","gpu","4.992","0.345909","1","84643","32000","30","1.2.0-64","0.321","509","480","/tmp/mznfilebBN4Fd.fzn","580","4096","","605","96","222655","108","1","29","256","turbo-v1.2.0-A100","294","2553","0","599650.0","store_shared","no","236","29","Turbo","0","satisfy"
"TurboGPU","graph-labelling","../data/table/graph-labelling/graph-labelling-noalldiff-short-pos-int.mzn","../data/table/graph-labelling/short-pos-int/steam3-6-short-pos-int-80-UNSAT.dzn","UNSATISFIABLE","49.007772379000016","19715","3584","AMD EPYC 7452 32-Core@2.35GHz; RAM 512GO;NVIDIA A100 40GB HBM","12020","232118","3262","gpu","47.479","0.190956","0","730982","32000","23","1.2.0-256","11.553","3505","2776","/tmp/mznfilewn2fmm.fzn","2876","4096","","3918","413","59990","108","0","79","256","turbo-v1.2.0-A100","1086","989","108","599806.0","store_shared","no","928","79","Turbo","0","satisfy"
"TurboGPU","graph-labelling","../data/table/graph-labelling/graph-labelling-short-pos-int.mzn","../data/table/graph-labelling/short-pos-int/lns__131-19-short-pos-int-123-UNSAT.dzn","UNKNOWN","601.7300495380005","388431","7778","AMD EPYC 7452 32-Core@2.35GHz; RAM 512GO;NVIDIA A100 40GB HBM","12020","5154473","0","gpu","599.741","0.295867","0","2025504","32000","38","1.2.0-256","35.367","7656","4152","/tmp/mznfileLxzVMN.fzn","4252","4096","","7929","273","780356","108","0","122","256","turbo-v1.2.0-A100","917","0","0","599701.0","store_shared","no","673","122","Turbo","0","satisfy"
"TurboGPU","graph-labelling","../data/table/graph-labelling/graph-labelling-short-pos-int.mzn","../data/table/graph-labelling/short-pos-int/lns__131-20-short-pos-int-123-SAT.dzn","UNKNOWN","601.7213352159997","372682","7778","AMD EPYC 7452 32-Core@2.35GHz; RAM 512GO;NVIDIA A100 40GB HBM","12020","4828161","0","gpu","599.701","0.312141","0","2072304","32000","42","1.2.0-256","36.921","7656","4152","/tmp/mznfile9ULqag.fzn","4252","4096","","7929","273","749053","108","0","122","256","turbo-v1.2.0-A100","917","0","0","599685.0","store_shared","no","673","122","Turbo","0","satisfy"
"TurboGPU","graph-labelling","../data/table/graph-labelling/graph-labelling-short-pos-int.mzn","../data/table/graph-labelling/short-pos-int/dwt__221-12-short-pos-int-221-UNSAT.dzn","UNKNOWN","602.3202553369993","94638","25014","AMD EPYC 7452 32-Core@2.35GHz; RAM 512GO;NVIDIA A100 40GB HBM","12020","1367423","0","gpu","599.398","0.685501","0","4948617","32000","36","1.2.0-256","103.116","24794","7288","/tmp/mznfileAArQBw.fzn","7388","4096","","25493","699","191118","108","0","220","256","turbo-v1.2.0-A100","2069","22","0","599312.0","store_shared","no","1629","220","Turbo","0","satisfy"
"TurboGPU","graph-labelling","../data/table/graph-labelling/graph-labelling-noalldiff-short-pos-int.mzn","../data/table/graph-labelling/short-pos-int/bcspwr02-6-short-pos-int-49-UNSAT.dzn","UNKNOWN","601.1286924359993","7842590","1235","AMD EPYC 7452 32-Core@2.35GHz; RAM 512GO;NVIDIA A100 40GB HBM","12020","101070751","8","gpu","599.893","0.136266","0","200361","32000","56","1.2.0-64","0.963","1187","632","/tmp/mznfileIY4okI.fzn","732","4096","","1245","58","15687153","108","0","48","256","turbo-v1.2.0-A100","263","755","0","599859.0","store_shared","no","167","48","Turbo","0","satisfy"
"TurboGPU","graph-labelling","../data/table/graph-labelling/graph-labelling-noalldiff-short-pos-int.mzn","../data/table/graph-labelling/short-pos-int/dwt__221-13-short-pos-int-221-SAT.dzn","UNKNOWN","602.4431076759993","82794","25014","AMD EPYC 7452 32-Core@2.35GHz; RAM 512GO;NVIDIA A100 40GB HBM","12020","1248063","0","gpu","599.352","0.729759","0","5066361","32000","46","1.2.0-256","109.449","24794","7288","/tmp/mznfilezS5EJU.fzn","7388","4096","","25493","699","167796","108","0","220","256","turbo-v1.2.0-A100","2069","2","0","599267.0","store_shared","no","1629","220","Turbo","0","satisfy"
"TurboGPU","graph-labelling","../data/table/graph-labelling/graph-labelling-short-pos-int.mzn","../data/table/graph-labelling/short-pos-int/impcol_b-17-short-pos-int-59-SAT.dzn","UNKNOWN","601.567114292","1576183","1992","AMD EPYC 7452 32-Core@2.35GHz; RAM 512GO;NVIDIA A100 40GB HBM","12020","14695994","0","gpu","599.83","0.188116","0","459110","32000","47","1.2.0-64","14.786","1934","712","/tmp/mznfileRGFsxd.fzn","812","4096","","2212","278","3155329","108","0","58","256","turbo-v1.2.0-A100","737","0","0","599808.0","store_shared","no","621","58","Turbo","0","satisfy"
"TurboGPU","graph-labelling","../data/table/graph-labelling/graph-labelling-short-pos-int.mzn","../data/table/graph-labelling/short-pos-int/nos1-2-short-pos-int-158-UNSAT.dzn","UNSATISFIABLE","10.905343462998644","1714","12715","AMD EPYC 7452 32-Core@2.35GHz; RAM 512GO;NVIDIA A100 40GB HBM","12020","130979","4096","gpu","9.318","0.262778","0","1926969","32000","0","1.2.0-256","6.249","12558","5272","/tmp/mznfileX1WEg6.fzn","5372","4096","","12866","308","7280","108","0","157","256","turbo-v1.2.0-A100","1096","0","108","599734.0","store_shared","no","782","157","Turbo","0","satisfy"
"TurboGPU","graph-labelling","../data/table/graph-labelling/graph-labelling-compressed-pos-int.mzn","../data/table/graph-labelling/compressed-pos-int/bcsstk01-11-compressed-pos-int-48-UNSAT.dzn","UNKNOWN","601.7462582649987","10155626","1304","AMD EPYC 7452 32-Core@2.35GHz; RAM 512GO;NVIDIA A100 40GB HBM","12020","100351621","4","gpu","599.66","0.391025","0","192643","32000","49","1.2.0-64","0.895","1257","624","/tmp/mznfile6yTkR5.fzn","724","4096","","1426","169","20315264","108","0","47","256","turbo-v1.2.0-A100","494","388","0","599605.0","store_shared","no","400","47","Turbo","0","satisfy"
"TurboGPU","graph-labelling","../data/table/graph-labelling/graph-labelling-compressed-pos-int.mzn","../data/table/graph-labelling/compressed-pos-int/curtis54-8-compressed-pos-int-54-SAT.dzn","SATISFIED","4.543565407999267","13349","1555","AMD EPYC 7452 32-Core@2.35GHz; RAM 512GO;NVIDIA A100 40GB HBM","12020","142891","168","gpu","2.37","0.377216","1","232070","32000","38","1.2.0-64","0.663","1502","672","/tmp/mznfileaNjpiN.fzn","772","4096","","1617","115","29812","108","1","53","256","turbo-v1.2.0-A100","408","495","0","599618.0","store_shared","no","302","53","Turbo","0","satisfy"
"TurboGPU","graph-labelling","../data/table/graph-labelling/graph-labelling-short-pos-int.mzn","../data/table/graph-labelling/short-pos-int/steam3-6-short-pos-int-80-UNSAT.dzn","UNSATISFIABLE","50.548555078999925","19222","3584","AMD EPYC 7452 32-Core@2.35GHz; RAM 512GO;NVIDIA A100 40GB HBM","12020","228090","3188","gpu","49.099","0.188958","0","730982","32000","23","1.2.0-256","11.556","3505","2776","/tmp/mznfile8dHzS9.fzn","2876","4096","","3918","413","59029","108","0","79","256","turbo-v1.2.0-A100","1086","984","108","599808.0","store_shared","no","928","79","Turbo","0","satisfy"
"TurboGPU","graph-labelling","../data/table/graph-labelling/graph-labelling-compressed-pos-int.mzn","../data/table/graph-labelling/compressed-pos-int/ash85-8-compressed-pos-int-85-UNSAT.dzn","UNKNOWN","601.7458742759991","6416340","3789","AMD EPYC 7452 32-Core@2.35GHz; RAM 512GO;NVIDIA A100 40GB HBM","12020","92106539","222","gpu","599.58","0.424651","0","567273","32000","40","1.2.0-256","1.868","3705","2936","/tmp/mznfilewlEuHw.fzn","3036","4096","","3919","214","12830184","108","0","84","256","turbo-v1.2.0-A100","691","2031","0","599572.0","store_shared","no","523","84","Turbo","0","satisfy"
"TurboGPU","graph-labelling","../data/table/graph-labelling/graph-labelling-noalldiff-compressed-pos-int.mzn","../data/table/graph-labelling/compressed-pos-int/nos4-9-compressed-pos-int-100-UNSAT.dzn","UNKNOWN","602.0225120439991","5111915","5197","AMD EPYC 7452 32-Core@2.35GHz; RAM 512GO;NVIDIA A100 40GB HBM","12020","76948918","148","gpu","599.645","0.401107","0","776275","32000","55","1.2.0-256","2.454","5098","3416","/tmp/mznfiledlqj8s.fzn","3516","4096","","5339","241","10223507","108","0","99","256","turbo-v1.2.0-A100","792","1265","0","599595.0","store_shared","no","594","99","Turbo","0","satisfy"
"TurboGPU","graph-labelling","../data/table/graph-labelling/graph-labelling-noalldiff-short-pos-int.mzn","../data/table/graph-labelling/short-pos-int/will57-6-short-pos-int-57-SAT.dzn","UNKNOWN","601.0957540030013","4716918","1723","AMD EPYC 7452 32-Core@2.35GHz; RAM 512GO;NVIDIA A100 40GB HBM","12020","57244072","1340","gpu","599.865","0.137534","0","278294","32000","45","1.2.0-64","2.306","1667","696","/tmp/mznfileVaI122.fzn","796","4096","","1793","126","9435617","108","0","56","256","turbo-v1.2.0-A100","423","2660","0","599844.0","store_shared","no","311","56","Turbo","0","satisfy"
"TurboGPU","graph-labelling","../data/table/graph-labelling/graph-labelling-noalldiff-compressed-pos-int.mzn","../data/table/graph-labelling/compressed-pos-int/fs_680_1-17-compressed-pos-int-680-SAT.dzn","UNKNOWN","603.6841234739986","36600","232324","AMD EPYC 7452 32-Core@2.35GHz; RAM 512GO;NVIDIA A100 40GB HBM","12020","1101300","0","gpu","596.203","3.81892","0","83086857","32000","51","1.2.0-1024","97.08","231645","87160","/tmp/mznfileJ4rsdU.fzn","100","4096","","233107","1462","78414","108","0","679","256","turbo-v1.2.0-A100","4966","0","0","596178.0","global","no","3608","679","Turbo","0","satisfy"
"TurboGPU","graph-labelling","../data/table/graph-labelling/graph-labelling-compressed-pos-int.mzn","../data/table/graph-labelling/compressed-pos-int/ibm32-8-compressed-pos-int-32-UNSAT.dzn","ERROR","399.09891041099945","","586","","","","","","","0.357216","0","85910","","","","","","496","","596","","MiniZinc stopped with a non-zero exit code, but did not output an error message. ","","","","","","","","turbo-v1.2.0-A100","","","","","store_shared","","","31","","0","satisfy"
"TurboGPU","graph-labelling","../data/table/graph-labelling/graph-labelling-short-pos-int.mzn","../data/table/graph-labelling/short-pos-int/bcspwr05-26-short-pos-int-443-SAT.dzn","UNKNOWN","604.7056766059995","2490","98493","AMD EPYC 7452 32-Core@2.35GHz; RAM 512GO;NVIDIA A100 40GB HBM","12020","77714","0","gpu","597.558","2.45151","0","50972227","32000","49","1.2.0-1024","430.404","98051","56824","/tmp/mznfile2hrphG.fzn","100","4096","","98638","587","10837","108","0","442","256","turbo-v1.2.0-A100","2507","0","0","597546.0","global","no","1623","442","Turbo","0","satisfy"
"TurboGPU","graph-labelling","../data/table/graph-labelling/graph-labelling-noalldiff-compressed-pos-int.mzn","../data/table/graph-labelling/compressed-pos-int/dwt__221-13-compressed-pos-int-221-SAT.dzn","UNKNOWN","602.3374138609997","1314368","25014","AMD EPYC 7452 32-Core@2.35GHz; RAM 512GO;NVIDIA A100 40GB HBM","12020","18984824","0","gpu","599.343","0.730619","0","3676300","32000","51","1.2.0-256","14.639","24794","7288","/tmp/mznfileOiOXNO.fzn","7388","4096","","25493","699","2631243","108","0","220","256","turbo-v1.2.0-A100","2069","2","0","599265.0","store_shared","no","1629","220","Turbo","0","satisfy"
"TurboGPU","graph-labelling","../data/table/graph-labelling/graph-labelling-short-pos-int.mzn","../data/table/graph-labelling/short-pos-int/bcsstk01-11-short-pos-int-48-UNSAT.dzn","UNKNOWN","601.2824722710011","3832335","1304","AMD EPYC 7452 32-Core@2.35GHz; RAM 512GO;NVIDIA A100 40GB HBM","12020","37919432","4","gpu","599.926","0.137909","0","285331","32000","42","1.2.0-64","4.871","1257","624","/tmp/mznfileuWbpvh.fzn","724","4096","","1426","169","7668601","108","0","47","256","turbo-v1.2.0-A100","494","381","0","599858.0","store_shared","no","400","47","Turbo","0","satisfy"
"TurboGPU","graph-labelling","../data/table/graph-labelling/graph-labelling-noalldiff-short-pos-int.mzn","../data/table/graph-labelling/short-pos-int/bcsstk01-11-short-pos-int-48-UNSAT.dzn","UNKNOWN","601.2409948029999","3831449","1304","AMD EPYC 7452 32-Core@2.35GHz; RAM 512GO;NVIDIA A100 40GB HBM","12020","37950997","4","gpu","599.901","0.148018","0","285331","32000","42","1.2.0-64","4.952","1257","624","/tmp/mznfileMBrJIi.fzn","724","4096","","1426","169","7666821","108","0","47","256","turbo-v1.2.0-A100","494","380","0","599848.0","store_shared","no","400","47","Turbo","0","satisfy"
"TurboGPU","graph-labelling","../data/table/graph-labelling/graph-labelling-compressed-pos-int.mzn","../data/table/graph-labelling/compressed-pos-int/nos1-2-compressed-pos-int-158-UNSAT.dzn","UNSATISFIABLE","9.602463674000319","1702","12715","AMD EPYC 7452 32-Core@2.35GHz; RAM 512GO;NVIDIA A100 40GB HBM","12020","130112","4096","gpu","7.172","0.540373","0","1866259","32000","0","1.2.0-256","4.735","12558","5272","/tmp/mznfile7mAzjx.fzn","5372","4096","","12866","308","7230","108","0","157","256","turbo-v1.2.0-A100","1096","0","108","599456.0","store_shared","no","782","157","Turbo","0","satisfy"
"TurboGPU","graph-labelling","../data/table/graph-labelling/graph-labelling-compressed-pos-int.mzn","../data/table/graph-labelling/compressed-pos-int/steam3-7-compressed-pos-int-80-SAT.dzn","SATISFIED","602.4325578629996","21698","3584","AMD EPYC 7452 32-Core@2.35GHz; RAM 512GO;NVIDIA A100 40GB HBM","12020","188003","1796","gpu","5.344","0.398733","1","543360","32000","57","1.2.0-256","3.098","3505","2776","/tmp/mznfile39vvJv.fzn","2876","4096","","3918","413","56982","108","1","79","256","turbo-v1.2.0-A100","1086","1314","0","599598.0","store_shared","no","928","79","Turbo","0","satisfy"
"TurboGPU","graph-labelling","../data/table/graph-labelling/graph-labelling-noalldiff-compressed-pos-int.mzn","../data/table/graph-labelling/compressed-pos-int/dwt__992-35-compressed-pos-int-992-SAT.dzn","UNKNOWN","607.0351173099989","","499412","","","","","","","9.62703","0","","","","","","","","","","","","","","","","","","","turbo-v1.2.0-A100","","","","","","","","991","","0","satisfy"
"TurboGPU","graph-labelling","../data/table/graph-labelling/graph-labelling-noalldiff-short-pos-int.mzn","../data/table/graph-labelling/short-pos-int/fs_680_1-16-short-pos-int-680-UNSAT.dzn","UNKNOWN","605.5356534980001","","232324","","","","","","","5.69667","0","","","","","","","","","","","","","","","","","","","turbo-v1.2.0-A100","","","","","","","","679","","0","satisfy"
"TurboGPU","graph-labelling","../data/table/graph-labelling/graph-labelling-short-pos-int.mzn","../data/table/graph-labelling/short-pos-int/curtis54-8-short-pos-int-54-SAT.dzn","SATISFIED","6.0012693459998445","12486","1555","AMD EPYC 7452 32-Core@2.35GHz; RAM 512GO;NVIDIA A100 40GB HBM","12020","134160","168","gpu","4.755","0.139759","1","299731","32000","38","1.2.0-64","2.85","1502","672","/tmp/mznfileIp6zfL.fzn","772","4096","","1617","115","28206","108","1","53","256","turbo-v1.2.0-A100","408","486","0","599856.0","store_shared","no","302","53","Turbo","0","satisfy"
"TurboGPU","graph-labelling","../data/table/graph-labelling/graph-labelling-noalldiff-compressed-pos-int.mzn","../data/table/graph-labelling/compressed-pos-int/ash85-8-compressed-pos-int-85-UNSAT.dzn","UNKNOWN","601.8388659549983","6436621","3789","AMD EPYC 7452 32-Core@2.35GHz; RAM 512GO;NVIDIA A100 40GB HBM","12020","92463431","220","gpu","599.627","0.428511","0","567273","32000","40","1.2.0-256","1.828","3705","2936","/tmp/mznfilenomjHE.fzn","3036","4096","","3919","214","12870536","108","0","84","256","turbo-v1.2.0-A100","691","2065","0","599567.0","store_shared","no","523","84","Turbo","0","satisfy"
"TurboGPU","graph-labelling","../data/table/graph-labelling/graph-labelling-noalldiff-compressed-pos-int.mzn","../data/table/graph-labelling/compressed-pos-int/lns__131-20-compressed-pos-int-123-SAT.dzn","UNKNOWN","601.9194718439994","4486886","7778","AMD EPYC 7452 32-Core@2.35GHz; RAM 512GO;NVIDIA A100 40GB HBM","12020","58891264","0","gpu","599.556","0.449165","0","1151932","32000","46","1.2.0-256","3.606","7656","4152","/tmp/mznfile6eWl1H.fzn","4252","4096","","7929","273","8977473","108","0","122","256","turbo-v1.2.0-A100","917","0","0","599546.0","store_shared","no","673","122","Turbo","0","satisfy"
"TurboGPU","graph-labelling","../data/table/graph-labelling/graph-labelling-noalldiff-compressed-pos-int.mzn","../data/table/graph-labelling/compressed-pos-int/pores_1-6-compressed-pos-int-30-UNSAT.dzn","UNSATISFIABLE","32.57876936199864","29697","538","AMD EPYC 7452 32-Core@2.35GHz; RAM 512GO;NVIDIA A100 40GB HBM","12020","264145","2688","gpu","30.502","0.377092","0","84566","32000","26","1.2.0-64","0.312","509","480","/tmp/mznfiletecFhF.fzn","580","4096","","605","96","82008","108","0","29","256","turbo-v1.2.0-A100","294","1461","108","599618.0","store_shared","no","236","29","Turbo","0","satisfy"
"TurboGPU","graph-labelling","../data/table/graph-labelling/graph-labelling-noalldiff-short-pos-int.mzn","../data/table/graph-labelling/short-pos-int/will57-5-short-pos-int-57-UNSAT.dzn","UNSATISFIABLE","40.290788256999804","39322","1723","AMD EPYC 7452 32-Core@2.35GHz; RAM 512GO;NVIDIA A100 40GB HBM","12020","515180","2870","gpu","38.953","0.147036","0","270921","32000","19","1.2.0-64","2.028","1667","696","/tmp/mznfileBbzs98.fzn","796","4096","","1793","126","93426","108","0","56","256","turbo-v1.2.0-A100","423","1336","108","599848.0","store_shared","no","311","56","Turbo","0","satisfy"
"TurboGPU","graph-labelling","../data/table/graph-labelling/graph-labelling-noalldiff-compressed-pos-int.mzn","../data/table/graph-labelling/compressed-pos-int/bcsstk01-11-compressed-pos-int-48-UNSAT.dzn","ERROR","407.3785892279993","","1304","","","","","","","0.383473","0","192643","","","","","","624","","724","","MiniZinc stopped with a non-zero exit code, but did not output an error message. ","","","","","","","","turbo-v1.2.0-A100","","","","","store_shared","","","47","","0","satisfy"
"TurboGPU","graph-labelling","../data/table/graph-labelling/graph-labelling-short-pos-int.mzn","../data/table/graph-labelling/short-pos-int/bcspwr02-6-short-pos-int-49-UNSAT.dzn","UNKNOWN","601.1048559720002","7856859","1235","AMD EPYC 7452 32-Core@2.35GHz; RAM 512GO;NVIDIA A100 40GB HBM","12020","101135315","8","gpu","599.94","0.138092","0","200361","32000","56","1.2.0-64","0.988","1187","632","/tmp/mznfile9Q7tML.fzn","732","4096","","1245","58","15715708","108","0","48","256","turbo-v1.2.0-A100","263","756","0","599858.0","store_shared","no","167","48","Turbo","0","satisfy"
"TurboGPU","graph-labelling","../data/table/graph-labelling/graph-labelling-noalldiff-compressed-pos-int.mzn","../data/table/graph-labelling/compressed-pos-int/dwt__310-11-compressed-pos-int-310-UNSAT.dzn","UNKNOWN","602.6316819919994","230895","48964","AMD EPYC 7452 32-Core@2.35GHz; RAM 512GO;NVIDIA A100 40GB HBM","12020","4480317","0","gpu","598.899","1.09991","0","17537558","32000","33","1.2.0-1024","31.04","48655","39800","/tmp/mznfileKUJXwx.fzn","39900","4096","","49717","1062","462446","108","0","309","256","turbo-v1.2.0-A100","3066","89","0","598898.0","store_shared","no","2448","309","Turbo","0","satisfy"
"TurboGPU","graph-labelling","../data/table/graph-labelling/graph-labelling-short-pos-int.mzn","../data/table/graph-labelling/short-pos-int/ibm32-9-short-pos-int-32-SAT.dzn","SATISFIED","16.54639305099954","184464","586","AMD EPYC 7452 32-Core@2.35GHz; RAM 512GO;NVIDIA A100 40GB HBM","12020","1841365","0","gpu","15.318","0.129242","1","121248","32000","30","1.2.0-64","1.402","555","496","/tmp/mznfile1LAkWi.fzn","596","4096","","642","87","373429","108","1","31","256","turbo-v1.2.0-A100","274","496","0","599867.0","store_shared","no","212","31","Turbo","0","satisfy"
"TurboGPU","graph-labelling","../data/table/graph-labelling/graph-labelling-noalldiff-short-pos-int.mzn","../data/table/graph-labelling/short-pos-int/bcspwr05-26-short-pos-int-443-SAT.dzn","UNKNOWN","604.7168751889999","2552","98493","AMD EPYC 7452 32-Core@2.35GHz; RAM 512GO;NVIDIA A100 40GB HBM","12020","78881","0","gpu","597.584","2.46009","0","50972227","32000","49","1.2.0-1024","428.17","98051","56824","/tmp/mznfileEpwyDH.fzn","100","4096","","98638","587","10987","108","0","442","256","turbo-v1.2.0-A100","2507","0","0","597537.0","global","no","1623","442","Turbo","0","satisfy"
"TurboGPU","graph-labelling","../data/table/graph-labelling/graph-labelling-short-pos-int.mzn","../data/table/graph-labelling/short-pos-int/ash85-8-short-pos-int-85-UNSAT.dzn","UNKNOWN","601.3627679399997","1678020","3789","AMD EPYC 7452 32-Core@2.35GHz; RAM 512GO;NVIDIA A100 40GB HBM","12020","23752942","168","gpu","599.888","0.182268","0","801340","32000","39","1.2.0-256","8.257","3705","2936","/tmp/mznfileXExVH5.fzn","3036","4096","","3919","214","3354068","108","0","84","256","turbo-v1.2.0-A100","691","1691","0","599815.0","store_shared","no","523","84","Turbo","0","satisfy"
"TurboGPU","graph-labelling","../data/table/graph-labelling/graph-labelling-noalldiff-short-pos-int.mzn","../data/table/graph-labelling/short-pos-int/nos1-3-short-pos-int-158-SAT.dzn","SATISFIED","601.8449933310003","432","12715","AMD EPYC 7452 32-Core@2.35GHz; RAM 512GO;NVIDIA A100 40GB HBM","12020","243098","1024","gpu","15.898","0.274171","2","1992595","32000","67","1.2.0-256","8.938","12558","5272","/tmp/mznfilekTgwHp.fzn","5372","4096","","12866","308","9605","108","4","157","256","turbo-v1.2.0-A100","1096","0","0","599723.0","store_shared","no","782","157","Turbo","0","satisfy"
"TurboGPU","graph-labelling","../data/table/graph-labelling/graph-labelling-noalldiff-short-pos-int.mzn","../data/table/graph-labelling/short-pos-int/fs_680_1-17-short-pos-int-680-SAT.dzn","UNKNOWN","605.7974008640003","","232324","","","","","","","6.0257","0","","","","","","","","","","","","","","","","","","","turbo-v1.2.0-A100","","","","","","","","679","","0","satisfy"
"TurboGPU","graph-labelling","../data/table/graph-labelling/graph-labelling-noalldiff-short-pos-int.mzn","../data/table/graph-labelling/short-pos-int/bcspwr05-25-short-pos-int-443-UNSAT.dzn","UNKNOWN","604.6466711590001","3444","98493","AMD EPYC 7452 32-Core@2.35GHz; RAM 512GO;NVIDIA A100 40GB HBM","12020","90855","0","gpu","597.572","2.46929","0","50350348","32000","50","1.2.0-1024","415.585","98051","56824","/tmp/mznfile5owngU.fzn","100","4096","","98638","587","12620","108","0","442","256","turbo-v1.2.0-A100","2507","0","0","597528.0","global","no","1623","442","Turbo","0","satisfy"
"TurboGPU","graph-labelling","../data/table/graph-labelling/graph-labelling-compressed-pos-int.mzn","../data/table/graph-labelling/compressed-pos-int/steam3-6-compressed-pos-int-80-UNSAT.dzn","UNSATISFIABLE","21.167819272000997","19798","3584","AMD EPYC 7452 32-Core@2.35GHz; RAM 512GO;NVIDIA A100 40GB HBM","12020","234577","3266","gpu","18.959","0.427366","0","543052","32000","23","1.2.0-256","3.172","3505","2776","/tmp/mznfilegRUaKL.fzn","2876","4096","","3918","413","60798","108","0","79","256","turbo-v1.2.0-A100","1086","1021","108","599569.0","store_shared","no","928","79","Turbo","0","satisfy"
"TurboGPU","graph-labelling","../data/table/graph-labelling/graph-labelling-short-pos-int.mzn","../data/table/graph-labelling/short-pos-int/fs_680_1-16-short-pos-int-680-UNSAT.dzn","UNKNOWN","605.5292413900002","","232324","","","","","","","5.72054","0","","","","","","","","","","","","","","","","","","","turbo-v1.2.0-A100","","","","","","","","679","","0","satisfy"
"TurboGPU","graph-labelling","../data/table/graph-labelling/graph-labelling-short-pos-int.mzn","../data/table/graph-labelling/short-pos-int/ibm32-8-short-pos-int-32-UNSAT.dzn","ERROR","139.80813415600005","","586","","","","","","","0.128667","0","116227","","","","","","496","","596","","MiniZinc stopped with a non-zero exit code, but did not output an error message. ","","","","","","","","turbo-v1.2.0-A100","","","","","store_shared","","","31","","0","satisfy"
"TurboGPU","graph-labelling","../data/table/graph-labelling/graph-labelling-compressed-pos-int.mzn","../data/table/graph-labelling/compressed-pos-int/bcspwr02-6-compressed-pos-int-49-UNSAT.dzn","UNKNOWN","601.7247358770001","12376494","1235","AMD EPYC 7452 32-Core@2.35GHz; RAM 512GO;NVIDIA A100 40GB HBM","12020","154299363","8","gpu","599.644","0.368044","0","175747","32000","62","1.2.0-64","0.319","1187","632","/tmp/mznfileR6JGiA.fzn","732","4096","","1245","58","24754795","108","0","48","256","turbo-v1.2.0-A100","263","802","0","599628.0","store_shared","no","167","48","Turbo","0","satisfy"
"TurboGPU","graph-labelling","../data/table/graph-labelling/graph-labelling-noalldiff-compressed-pos-int.mzn","../data/table/graph-labelling/compressed-pos-int/ash85-9-compressed-pos-int-85-SAT.dzn","UNKNOWN","601.8223747909997","6461763","3789","AMD EPYC 7452 32-Core@2.35GHz; RAM 512GO;NVIDIA A100 40GB HBM","12020","92300925","0","gpu","599.635","0.384823","0","567580","32000","38","1.2.0-256","1.893","3705","2936","/tmp/mznfilePet7fv.fzn","3036","4096","","3919","214","12923378","108","0","84","256","turbo-v1.2.0-A100","691","854","0","599611.0","store_shared","no","523","84","Turbo","0","satisfy"
"TurboGPU","graph-labelling","../data/table/graph-labelling/graph-labelling-compressed-pos-int.mzn","../data/table/graph-labelling/compressed-pos-int/nos1-3-compressed-pos-int-158-SAT.dzn","SATISFIED","602.5408526970004","432","12715","AMD EPYC 7452 32-Core@2.35GHz; RAM 512GO;NVIDIA A100 40GB HBM","12020","242896","1024","gpu","8.358","0.548553","1","1866566","32000","67","1.2.0-256","4.679","12558","5272","/tmp/mznfileNfcI2D.fzn","5372","4096","","12866","308","9646","108","1","157","256","turbo-v1.2.0-A100","1096","0","0","599448.0","store_shared","no","782","157","Turbo","0","satisfy"
"TurboGPU","graph-labelling","../data/table/graph-labelling/graph-labelling-noalldiff-short-pos-int.mzn","../data/table/graph-labelling/short-pos-int/ibm32-8-short-pos-int-32-UNSAT.dzn","ERROR","222.84001834599985","","586","","","","","","","0.125598","0","116227","","","","","","496","","596","","MiniZinc stopped with a non-zero exit code, but did not output an error message. ","","","","","","","","turbo-v1.2.0-A100","","","","","store_shared","","","31","","0","satisfy"
"TurboGPU","graph-labelling","../data/table/graph-labelling/graph-labelling-noalldiff-short-pos-int.mzn","../data/table/graph-labelling/short-pos-int/ash85-9-short-pos-int-85-SAT.dzn","UNKNOWN","601.5976342419999","1494677","3789","AMD EPYC 7452 32-Core@2.35GHz; RAM 512GO;NVIDIA A100 40GB HBM","12020","21103865","0","gpu","599.884","0.184121","0","834441","32000","34","1.2.0-256","9.17","3705","2936","/tmp/mznfilejlAGIv.fzn","3036","4096","","3919","214","2989918","108","0","84","256","turbo-v1.2.0-A100","691","595","0","599813.0","store_shared","no","523","84","Turbo","0","satisfy"
"TurboGPU","graph-labelling","../data/table/graph-labelling/graph-labelling-compressed-pos-int.mzn","../data/table/graph-labelling/compressed-pos-int/nos4-9-compressed-pos-int-100-UNSAT.dzn","UNKNOWN","601.9015785119991","5109931","5197","AMD EPYC 7452 32-Core@2.35GHz; RAM 512GO;NVIDIA A100 40GB HBM","12020","77016332","148","gpu","599.562","0.440379","0","776275","32000","55","1.2.0-256","2.448","5098","3416","/tmp/mznfileM1KVKi.fzn","3516","4096","","5339","241","10219558","108","0","99","256","turbo-v1.2.0-A100","792","1264","0","599556.0","store_shared","no","594","99","Turbo","0","satisfy"
"TurboGPU","graph-labelling","../data/table/graph-labelling/graph-labelling-noalldiff-short-pos-int.mzn","../data/table/graph-labelling/short-pos-int/bcspwr01-4-short-pos-int-39-SAT.dzn","ERROR","99.2593526089986","","787","","","","","","","0.125008","0","124636","","","","","","552","","652","","MiniZinc stopped with a non-zero exit code, but did not output an error message. ","","","","","","","","turbo-v1.2.0-A100","","","","","store_shared","","","38","","0","satisfy"
"TurboGPU","graph-labelling","../data/table/graph-labelling/graph-labelling-noalldiff-compressed-pos-int.mzn","../data/table/graph-labelling/compressed-pos-int/steam3-7-compressed-pos-int-80-SAT.dzn","SATISFIED","7.679428867999377","21813","3584","AMD EPYC 7452 32-Core@2.35GHz; RAM 512GO;NVIDIA A100 40GB HBM","12020","188279","1830","gpu","5.411","0.393529","2","543360","32000","57","1.2.0-256","3.167","3505","2776","/tmp/mznfilebRYaI5.fzn","2876","4096","","3918","413","57091","108","2","79","256","turbo-v1.2.0-A100","1086","1320","0","599603.0","store_shared","no","928","79","Turbo","0","satisfy"
"TurboGPU","graph-labelling","../data/table/graph-labelling/graph-labelling-noalldiff-short-pos-int.mzn","../data/table/graph-labelling/short-pos-int/pores_1-7-short-pos-int-30-SAT.dzn","SATISFIED","9.189844167000047","99007","538","AMD EPYC 7452 32-Core@2.35GHz; RAM 512GO;NVIDIA A100 40GB HBM","12020","847276","1400","gpu","7.85","0.124896","1","118742","32000","29","1.2.0-64","1.172","509","480","/tmp/mznfileSVzMTU.fzn","580","4096","","605","96","218329","108","1","29","256","turbo-v1.2.0-A100","294","2553","0","599871.0","store_shared","no","236","29","Turbo","0","satisfy"
"TurboGPU","graph-labelling","../data/table/graph-labelling/graph-labelling-noalldiff-short-pos-int.mzn","../data/table/graph-labelling/short-pos-int/bcspwr01-3-short-pos-int-39-UNSAT.dzn","UNSATISFIABLE","5.69626502400024","15413","787","AMD EPYC 7452 32-Core@2.35GHz; RAM 512GO;NVIDIA A100 40GB HBM","12020","311616","3570","gpu","4.499","0.125346","0","120067","32000","14","1.2.0-64","0.325","749","552","/tmp/mznfileLgskx4.fzn","652","4096","","793","44","47409","108","0","38","256","turbo-v1.2.0-A100","207","533","108","599870.0","store_shared","no","131","38","Turbo","0","satisfy"
"TurboGPU","graph-labelling","../data/table/graph-labelling/graph-labelling-noalldiff-compressed-pos-int.mzn","../data/table/graph-labelling/compressed-pos-int/will57-5-compressed-pos-int-57-UNSAT.dzn","UNSATISFIABLE","27.047764839000592","38342","1723","AMD EPYC 7452 32-Core@2.35GHz; RAM 512GO;NVIDIA A100 40GB HBM","12020","505452","2940","gpu","24.875","0.383896","0","244099","32000","19","1.2.0-64","0.716","1667","696","/tmp/mznfileOdgm5h.fzn","796","4096","","1793","126","91400","108","0","56","256","turbo-v1.2.0-A100","423","1290","108","599612.0","store_shared","no","311","56","Turbo","0","satisfy"
"TurboGPU","graph-labelling","../data/table/graph-labelling/graph-labelling-compressed-pos-int.mzn","../data/table/graph-labelling/compressed-pos-int/bcspwr01-4-compressed-pos-int-39-SAT.dzn","SATISFIED","161.64388918700024","3555685","787","AMD EPYC 7452 32-Core@2.35GHz; RAM 512GO;NVIDIA A100 40GB HBM","12020","36717863","846","gpu","159.616","0.341211","1","113462","32000","49","1.2.0-64","0.2","749","552","/tmp/mznfileiOJoWn.fzn","652","4096","","793","44","7114199","108","1","38","256","turbo-v1.2.0-A100","207","824","0","599655.0","store_shared","no","131","38","Turbo","0","satisfy"
"TurboGPU","graph-labelling","../data/table/graph-labelling/graph-labelling-short-pos-int.mzn","../data/table/graph-labelling/short-pos-int/nos4-9-short-pos-int-100-UNSAT.dzn","UNKNOWN","601.555809335001","1173248","5197","AMD EPYC 7452 32-Core@2.35GHz; RAM 512GO;NVIDIA A100 40GB HBM","12020","16736394","140","gpu","599.848","0.206689","0","1098153","32000","42","1.2.0-256","12.181","5098","3416","/tmp/mznfilejcne9l.fzn","3516","4096","","5339","241","2347061","108","0","99","256","turbo-v1.2.0-A100","792","848","0","599790.0","store_shared","no","594","99","Turbo","0","satisfy"
"TurboGPU","graph-labelling","../data/table/graph-labelling/graph-labelling-compressed-pos-int.mzn","../data/table/graph-labelling/compressed-pos-int/bcsstk01-12-compressed-pos-int-48-SAT.dzn","UNKNOWN","601.6292342329998","9621357","1304","AMD EPYC 7452 32-Core@2.35GHz; RAM 512GO;NVIDIA A100 40GB HBM","12020","97986364","0","gpu","599.699","0.357514","0","192720","32000","52","1.2.0-64","0.904","1257","624","/tmp/mznfileZ8gGu9.fzn","724","4096","","1426","169","19246070","108","0","47","256","turbo-v1.2.0-A100","494","258","0","599638.0","store_shared","no","400","47","Turbo","0","satisfy"
"TurboGPU","graph-labelling","../data/table/graph-labelling/graph-labelling-short-pos-int.mzn","../data/table/graph-labelling/short-pos-int/ash85-9-short-pos-int-85-SAT.dzn","UNKNOWN","601.4320583030003","1496280","3789","AMD EPYC 7452 32-Core@2.35GHz; RAM 512GO;NVIDIA A100 40GB HBM","12020","21081691","0","gpu","599.822","0.180204","0","834441","32000","34","1.2.0-256","9.228","3705","2936","/tmp/mznfileXfsqTT.fzn","3036","4096","","3919","214","2993151","108","0","84","256","turbo-v1.2.0-A100","691","593","0","599816.0","store_shared","no","523","84","Turbo","0","satisfy"
"TurboGPU","graph-labelling","../data/table/graph-labelling/graph-labelling-short-pos-int.mzn","../data/table/graph-labelling/short-pos-int/nos1-3-short-pos-int-158-SAT.dzn","SATISFIED","601.8782616980006","432","12715","AMD EPYC 7452 32-Core@2.35GHz; RAM 512GO;NVIDIA A100 40GB HBM","12020","243685","1024","gpu","15.963","0.275685","1","1992595","32000","67","1.2.0-256","9.0","12558","5272","/tmp/mznfileQkNV5I.fzn","5372","4096","","12866","308","9683","108","3","157","256","turbo-v1.2.0-A100","1096","0","0","599721.0","store_shared","no","782","157","Turbo","0","satisfy"
"TurboGPU","graph-labelling","../data/table/graph-labelling/graph-labelling-short-pos-int.mzn","../data/table/graph-labelling/short-pos-int/bcspwr02-7-short-pos-int-49-SAT.dzn","SATISFIED","3.3650317100000393","3067","1235","AMD EPYC 7452 32-Core@2.35GHz; RAM 512GO;NVIDIA A100 40GB HBM","12020","42290","0","gpu","2.106","0.140771","1","205257","32000","36","1.2.0-64","1.134","1187","632","/tmp/mznfiletU5zRe.fzn","732","4096","","1245","58","8074","108","1","48","256","turbo-v1.2.0-A100","263","7","0","599855.0","store_shared","no","167","48","Turbo","0","satisfy"
"TurboGPU","graph-labelling","../data/table/graph-labelling/graph-labelling-short-pos-int.mzn","../data/table/graph-labelling/short-pos-int/will57-5-short-pos-int-57-UNSAT.dzn","UNSATISFIABLE","39.14462014899982","38837","1723","AMD EPYC 7452 32-Core@2.35GHz; RAM 512GO;NVIDIA A100 40GB HBM","12020","509310","2942","gpu","37.8","0.148818","0","270921","32000","19","1.2.0-64","2.024","1667","696","/tmp/mznfileuaVspI.fzn","796","4096","","1793","126","92513","108","0","56","256","turbo-v1.2.0-A100","423","1326","108","599847.0","store_shared","no","311","56","Turbo","0","satisfy"
"TurboGPU","graph-labelling","../data/table/graph-labelling/graph-labelling-short-pos-int.mzn","../data/table/graph-labelling/short-pos-int/impcol_b-16-short-pos-int-59-UNSAT.dzn","UNKNOWN","601.453953193","1904760","1992","AMD EPYC 7452 32-Core@2.35GHz; RAM 512GO;NVIDIA A100 40GB HBM","12020","16548174","0","gpu","599.883","0.176523","0","447513","32000","55","1.2.0-64","13.928","1934","712","/tmp/mznfileM1AsYc.fzn","812","4096","","2212","278","3811896","108","0","58","256","turbo-v1.2.0-A100","737","0","0","599819.0","store_shared","no","621","58","Turbo","0","satisfy"
"TurboGPU","graph-labelling","../data/table/graph-labelling/graph-labelling-compressed-pos-int.mzn","../data/table/graph-labelling/compressed-pos-int/lns__131-20-compressed-pos-int-123-SAT.dzn","UNKNOWN","602.0115701989998","4480925","7778","AMD EPYC 7452 32-Core@2.35GHz; RAM 512GO;NVIDIA A100 40GB HBM","12020","58959715","0","gpu","599.62","0.47113","0","1151932","32000","46","1.2.0-256","3.541","7656","4152","/tmp/mznfilexewAHH.fzn","4252","4096","","7929","273","8965555","108","0","122","256","turbo-v1.2.0-A100","917","0","0","599525.0","store_shared","no","673","122","Turbo","0","satisfy"
"TurboGPU","graph-labelling","../data/table/graph-labelling/graph-labelling-short-pos-int.mzn","../data/table/graph-labelling/short-pos-int/dwt__310-12-short-pos-int-310-SAT.dzn","UNKNOWN","603.3763746320001","12228","48964","AMD EPYC 7452 32-Core@2.35GHz; RAM 512GO;NVIDIA A100 40GB HBM","12020","292930","0","gpu","598.709","1.34342","0","22895875","32000","22","1.2.0-1024","242.879","48655","39800","/tmp/mznfileXfgUPt.fzn","39900","4096","","49717","1062","26330","108","0","309","256","turbo-v1.2.0-A100","3066","0","0","598653.0","store_shared","no","2448","309","Turbo","0","satisfy"
"TurboGPU","graph-labelling","../data/table/graph-labelling/graph-labelling-noalldiff-short-pos-int.mzn","../data/table/graph-labelling/short-pos-int/nos4-9-short-pos-int-100-UNSAT.dzn","UNKNOWN","601.4677451429998","1172159","5197","AMD EPYC 7452 32-Core@2.35GHz; RAM 512GO;NVIDIA A100 40GB HBM","12020","16725920","140","gpu","599.865","0.21046","0","1098153","32000","42","1.2.0-256","12.329","5098","3416","/tmp/mznfileHuCbM0.fzn","3516","4096","","5339","241","2344887","108","0","99","256","turbo-v1.2.0-A100","792","857","0","599786.0","store_shared","no","594","99","Turbo","0","satisfy"
"TurboGPU","graph-labelling","../data/table/graph-labelling/graph-labelling-noalldiff-compressed-pos-int.mzn","../data/table/graph-labelling/compressed-pos-int/steam3-6-compressed-pos-int-80-UNSAT.dzn","UNSATISFIABLE","22.12901855400014","20124","3584","AMD EPYC 7452 32-Core@2.35GHz; RAM 512GO;NVIDIA A100 40GB HBM","12020","236328","3296","gpu","19.793","0.43273","0","543052","32000","23","1.2.0-256","3.173","3505","2776","/tmp/mznfileOyRihg.fzn","2876","4096","","3918","413","61379","108","0","79","256","turbo-v1.2.0-A100","1086","1035","108","599563.0","store_shared","no","928","79","Turbo","0","satisfy"
"TurboGPU","graph-labelling","../data/table/graph-labelling/graph-labelling-compressed-pos-int.mzn","../data/table/graph-labelling/compressed-pos-int/lns__131-19-compressed-pos-int-123-UNSAT.dzn","UNKNOWN","601.9135481899993","4458927","7778","AMD EPYC 7452 32-Core@2.35GHz; RAM 512GO;NVIDIA A100 40GB HBM","12020","59473494","0","gpu","599.637","0.44217","0","1151625","32000","42","1.2.0-256","3.511","7656","4152","/tmp/mznfileBQnB5y.fzn","4252","4096","","7929","273","8921355","108","0","122","256","turbo-v1.2.0-A100","917","0","0","599554.0","store_shared","no","673","122","Turbo","0","satisfy"
"TurboGPU","graph-labelling","../data/table/graph-labelling/graph-labelling-compressed-pos-int.mzn","../data/table/graph-labelling/compressed-pos-int/dwt__992-35-compressed-pos-int-992-SAT.dzn","UNKNOWN","606.9241518769995","","499412","","","","","","","9.83803","0","","","","","","","","","","","","","","","","","","","turbo-v1.2.0-A100","","","","","","","","991","","0","satisfy"
"TurboGPU","graph-labelling","../data/table/graph-labelling/graph-labelling-noalldiff-compressed-pos-int.mzn","../data/table/graph-labelling/compressed-pos-int/bcspwr01-4-compressed-pos-int-39-SAT.dzn","SATISFIED","160.75608913799988","3463261","787","AMD EPYC 7452 32-Core@2.35GHz; RAM 512GO;NVIDIA A100 40GB HBM","12020","35910311","862","gpu","158.597","0.361691","1","113462","32000","49","1.2.0-64","0.198","749","552","/tmp/mznfilenaNVgn.fzn","652","4096","","793","44","6929371","108","1","38","256","turbo-v1.2.0-A100","207","826","0","599634.0","store_shared","no","131","38","Turbo","0","satisfy"
"TurboGPU","graph-labelling","../data/table/graph-labelling/graph-labelling-compressed-pos-int.mzn","../data/table/graph-labelling/compressed-pos-int/bcspwr05-26-compressed-pos-int-443-SAT.dzn","UNKNOWN","602.9681831910002","300479","98493","AMD EPYC 7452 32-Core@2.35GHz; RAM 512GO;NVIDIA A100 40GB HBM","12020","4052903","0","gpu","598.284","1.78548","0","35351808","32000","57","1.2.0-1024","27.514","98051","56824","/tmp/mznfileiwGKeb.fzn","100","4096","","98638","587","606670","108","0","442","256","turbo-v1.2.0-A100","2507","0","0","598212.0","global","no","1623","442","Turbo","0","satisfy"
"TurboGPU","graph-labelling","../data/table/graph-labelling/graph-labelling-noalldiff-short-pos-int.mzn","../data/table/graph-labelling/short-pos-int/dwt__310-11-short-pos-int-310-UNSAT.dzn","UNKNOWN","603.2524563229999","18861","48964","AMD EPYC 7452 32-Core@2.35GHz; RAM 512GO;NVIDIA A100 40GB HBM","12020","326606","0","gpu","598.78","1.30561","0","22403049","32000","20","1.2.0-1024","220.544","48655","39800","/tmp/mznfilepl2pV6.fzn","39900","4096","","49717","1062","39182","108","0","309","256","turbo-v1.2.0-A100","3066","28","0","598691.0","store_shared","no","2448","309","Turbo","0","satisfy"
"TurboGPU","graph-labelling","../data/table/graph-labelling/graph-labelling-short-pos-int.mzn","../data/table/graph-labelling/short-pos-int/dwt__221-13-short-pos-int-221-SAT.dzn","UNKNOWN","602.4351491750003","82933","25014","AMD EPYC 7452 32-Core@2.35GHz; RAM 512GO;NVIDIA A100 40GB HBM","12020","1249459","0","gpu","599.308","0.726007","0","5066361","32000","46","1.2.0-256","108.803","24794","7288","/tmp/mznfileZbqYuI.fzn","7388","4096","","25493","699","168094","108","0","220","256","turbo-v1.2.0-A100","2069","2","0","599271.0","store_shared","no","1629","220","Turbo","0","satisfy"
