"problem","model","data_file"
"triangular","../data/mzn-challenge/2024/triangular/triangular.mzn","../data/mzn-challenge/2024/triangular/n31.dzn"
"triangular","../data/mzn-challenge/2024/triangular/triangular.mzn","../data/mzn-challenge/2024/triangular/n11.dzn"
"triangular","../data/mzn-challenge/2024/triangular/triangular.mzn","../data/mzn-challenge/2024/triangular/n14.dzn"
"triangular","../data/mzn-challenge/2024/triangular/triangular.mzn","../data/mzn-challenge/2024/triangular/n9.dzn"
"triangular","../data/mzn-challenge/2024/triangular/triangular.mzn","../data/mzn-challenge/2024/triangular/n20.dzn"
"word-equations","../data/mzn-challenge/2024/word-equations/word_equations_03_track_31-int.mzn","../data/mzn-challenge/2024/word-equations/empty.dzn"
"word-equations","../data/mzn-challenge/2024/word-equations/word_equations_03_track_133-int.mzn","../data/mzn-challenge/2024/word-equations/empty.dzn"
"word-equations","../data/mzn-challenge/2024/word-equations/word_equations_01_track_123-int.mzn","../data/mzn-challenge/2024/word-equations/empty.dzn"
"word-equations","../data/mzn-challenge/2024/word-equations/word_equations_02_track_8-int.mzn","../data/mzn-challenge/2024/word-equations/empty.dzn"
"word-equations","../data/mzn-challenge/2024/word-equations/word_equations_01_track_140-int.mzn","../data/mzn-challenge/2024/word-equations/empty.dzn"
"monitor-placement-1id","../data/mzn-challenge/2024/monitor-placement-1id/monitor_1id.mzn","../data/mzn-challenge/2024/monitor-placement-1id/hop_counting_based_zoo_Forthnet.dzn"
"monitor-placement-1id","../data/mzn-challenge/2024/monitor-placement-1id/monitor_1id.mzn","../data/mzn-challenge/2024/monitor-placement-1id/igp_weight_based_rocketfuel_rf6461_real_hard.dzn"
"monitor-placement-1id","../data/mzn-challenge/2024/monitor-placement-1id/monitor_1id.mzn","../data/mzn-challenge/2024/monitor-placement-1id/igp_weight_based_defo_rf6461_real_hard.dzn"
"monitor-placement-1id","../data/mzn-challenge/2024/monitor-placement-1id/monitor_1id.mzn","../data/mzn-challenge/2024/monitor-placement-1id/igp_weight_based_rocketfuel_rf1755_real_hard.dzn"
"monitor-placement-1id","../data/mzn-challenge/2024/monitor-placement-1id/monitor_1id.mzn","../data/mzn-challenge/2024/monitor-placement-1id/hop_counting_based_caida_139203.dzn"
"accap","../data/mzn-challenge/2024/accap/accap.mzn","../data/mzn-challenge/2024/accap/accap_a8_f50_t30.json"
"accap","../data/mzn-challenge/2024/accap/accap.mzn","../data/mzn-challenge/2024/accap/accap_a10_f80_t50.json"
"accap","../data/mzn-challenge/2024/accap/accap.mzn","../data/mzn-challenge/2024/accap/accap_a30_f300_t120.json"
"accap","../data/mzn-challenge/2024/accap/accap.mzn","../data/mzn-challenge/2024/accap/accap_a3_f20_t10.json"
"accap","../data/mzn-challenge/2024/accap/accap.mzn","../data/mzn-challenge/2024/accap/accap_a20_f160_t90.json"
"portal","../data/mzn-challenge/2024/portal/portal.mzn","../data/mzn-challenge/2024/portal/random_20_1_100.json"
"portal","../data/mzn-challenge/2024/portal/portal.mzn","../data/mzn-challenge/2024/portal/small_3.dzn"
"portal","../data/mzn-challenge/2024/portal/portal.mzn","../data/mzn-challenge/2024/portal/random_10_9_10.json"
"portal","../data/mzn-challenge/2024/portal/portal.mzn","../data/mzn-challenge/2024/portal/random_20_9_100.json"
"portal","../data/mzn-challenge/2024/portal/portal.mzn","../data/mzn-challenge/2024/portal/random_10_0_100.json"
"cable-tree-wiring","../data/mzn-challenge/2024/cable-tree-wiring/ctw.mzn","../data/mzn-challenge/2024/cable-tree-wiring/A033.dzn"
"cable-tree-wiring","../data/mzn-challenge/2024/cable-tree-wiring/ctw.mzn","../data/mzn-challenge/2024/cable-tree-wiring/A046.dzn"
"cable-tree-wiring","../data/mzn-challenge/2024/cable-tree-wiring/ctw.mzn","../data/mzn-challenge/2024/cable-tree-wiring/R193.dzn"
"cable-tree-wiring","../data/mzn-challenge/2024/cable-tree-wiring/ctw.mzn","../data/mzn-challenge/2024/cable-tree-wiring/A041.dzn"
"cable-tree-wiring","../data/mzn-challenge/2024/cable-tree-wiring/ctw.mzn","../data/mzn-challenge/2024/cable-tree-wiring/A022.dzn"
"train-scheduling","../data/mzn-challenge/2024/train-scheduling/trains.mzn","../data/mzn-challenge/2024/train-scheduling/trains12.dzn"
"train-scheduling","../data/mzn-challenge/2024/train-scheduling/trains.mzn","../data/mzn-challenge/2024/train-scheduling/trains05.dzn"
"train-scheduling","../data/mzn-challenge/2024/train-scheduling/trains.mzn","../data/mzn-challenge/2024/train-scheduling/trains18.dzn"
"train-scheduling","../data/mzn-challenge/2024/train-scheduling/trains.mzn","../data/mzn-challenge/2024/train-scheduling/trains09.dzn"
"train-scheduling","../data/mzn-challenge/2024/train-scheduling/trains.mzn","../data/mzn-challenge/2024/train-scheduling/trains15.dzn"
"hoist-benchmark","../data/mzn-challenge/2024/hoist-benchmark/hoist-benchmark.mzn","../data/mzn-challenge/2024/hoist-benchmark/PU_2_4_3.dzn"
"hoist-benchmark","../data/mzn-challenge/2024/hoist-benchmark/hoist-benchmark.mzn","../data/mzn-challenge/2024/hoist-benchmark/PU_2_2_3.dzn"
"hoist-benchmark","../data/mzn-challenge/2024/hoist-benchmark/hoist-benchmark.mzn","../data/mzn-challenge/2024/hoist-benchmark/PU_3_4_3.dzn"
"hoist-benchmark","../data/mzn-challenge/2024/hoist-benchmark/hoist-benchmark.mzn","../data/mzn-challenge/2024/hoist-benchmark/PU_3_2_1.dzn"
"hoist-benchmark","../data/mzn-challenge/2024/hoist-benchmark/hoist-benchmark.mzn","../data/mzn-challenge/2024/hoist-benchmark/PU_2_8_4.dzn"
"aircraft-disassembly","../data/mzn-challenge/2024/aircraft-disassembly/aircraft.mzn","../data/mzn-challenge/2024/aircraft-disassembly/B737NG-600-06-Anon.json.dzn"
"aircraft-disassembly","../data/mzn-challenge/2024/aircraft-disassembly/aircraft.mzn","../data/mzn-challenge/2024/aircraft-disassembly/B737NG-600-04-Anon.json.dzn"
"aircraft-disassembly","../data/mzn-challenge/2024/aircraft-disassembly/aircraft.mzn","../data/mzn-challenge/2024/aircraft-disassembly/B737NG-600-02-Anon.json.dzn"
"aircraft-disassembly","../data/mzn-challenge/2024/aircraft-disassembly/aircraft.mzn","../data/mzn-challenge/2024/aircraft-disassembly/B737NG-600-01-Anon.json.dzn"
"aircraft-disassembly","../data/mzn-challenge/2024/aircraft-disassembly/aircraft.mzn","../data/mzn-challenge/2024/aircraft-disassembly/B737NG-600-09-Anon.json.dzn"
"community-detection","../data/mzn-challenge/2024/community-detection/community-detection.mzn","../data/mzn-challenge/2024/community-detection/adjourn.s200.k3.dzn"
"community-detection","../data/mzn-challenge/2024/community-detection/community-detection.mzn","../data/mzn-challenge/2024/community-detection/Polblogs.s2480.k2.dzn"
"community-detection","../data/mzn-challenge/2024/community-detection/community-detection.mzn","../data/mzn-challenge/2024/community-detection/mexican.s26.k4.dzn"
"community-detection","../data/mzn-challenge/2024/community-detection/community-detection.mzn","../data/mzn-challenge/2024/community-detection/Zakhary.s12.k3.dzn"
"community-detection","../data/mzn-challenge/2024/community-detection/community-detection.mzn","../data/mzn-challenge/2024/community-detection/Zakhary.s12.k4.dzn"
"neighbours","../data/mzn-challenge/2024/neighbours/neighbours-rect.mzn","../data/mzn-challenge/2024/neighbours/neightbours-new-15.dzn"
"neighbours","../data/mzn-challenge/2024/neighbours/neighbours-rect.mzn","../data/mzn-challenge/2024/neighbours/neightbours-new-2.dzn"
"neighbours","../data/mzn-challenge/2024/neighbours/neighbours-rect.mzn","../data/mzn-challenge/2024/neighbours/neightbours-new-6.dzn"
"neighbours","../data/mzn-challenge/2024/neighbours/neighbours-rect.mzn","../data/mzn-challenge/2024/neighbours/neightbours-new-5.dzn"
"neighbours","../data/mzn-challenge/2024/neighbours/neighbours-rect.mzn","../data/mzn-challenge/2024/neighbours/neightbours-new-7.dzn"
"tiny-cvrp","../data/mzn-challenge/2024/tiny-cvrp/TinyCVRP_ExactlyOneSolution.mzn","../data/mzn-challenge/2024/tiny-cvrp/hard_instance_18.dzn"
"tiny-cvrp","../data/mzn-challenge/2024/tiny-cvrp/TinyCVRP_ExactlyOneSolution.mzn","../data/mzn-challenge/2024/tiny-cvrp/medium_instance_13.dzn"
"tiny-cvrp","../data/mzn-challenge/2024/tiny-cvrp/TinyCVRP_ExactlyOneSolution.mzn","../data/mzn-challenge/2024/tiny-cvrp/medium_instance_11.dzn"
"tiny-cvrp","../data/mzn-challenge/2024/tiny-cvrp/TinyCVRP_ExactlyOneSolution.mzn","../data/mzn-challenge/2024/tiny-cvrp/medium_instance_06.dzn"
"tiny-cvrp","../data/mzn-challenge/2024/tiny-cvrp/TinyCVRP_ExactlyOneSolution.mzn","../data/mzn-challenge/2024/tiny-cvrp/easy_instance_04.dzn"
"fox-geese-corn","../data/mzn-challenge/2024/fox-geese-corn/foxgeesecorn.mzn","../data/mzn-challenge/2024/fox-geese-corn/foxgeesecorn_61.dzn"
"fox-geese-corn","../data/mzn-challenge/2024/fox-geese-corn/foxgeesecorn.mzn","../data/mzn-challenge/2024/fox-geese-corn/fgc_06_26_08_00.dzn"
"fox-geese-corn","../data/mzn-challenge/2024/fox-geese-corn/foxgeesecorn.mzn","../data/mzn-challenge/2024/fox-geese-corn/foxgeesecorn_19.dzn"
"fox-geese-corn","../data/mzn-challenge/2024/fox-geese-corn/foxgeesecorn.mzn","../data/mzn-challenge/2024/fox-geese-corn/foxgeesecorn_17.dzn"
"fox-geese-corn","../data/mzn-challenge/2024/fox-geese-corn/foxgeesecorn.mzn","../data/mzn-challenge/2024/fox-geese-corn/fgc_20_20_22_00.dzn"
"concert-hall-cap","../data/mzn-challenge/2024/concert-hall-cap/concert-hall-cap.mzn","../data/mzn-challenge/2024/concert-hall-cap/concert_200_20.json"
"concert-hall-cap","../data/mzn-challenge/2024/concert-hall-cap/concert-hall-cap.mzn","../data/mzn-challenge/2024/concert-hall-cap/concert-cap.mznc2018.04.dzn"
"concert-hall-cap","../data/mzn-challenge/2024/concert-hall-cap/concert-hall-cap.mzn","../data/mzn-challenge/2024/concert-hall-cap/concert_60_50.json"
"concert-hall-cap","../data/mzn-challenge/2024/concert-hall-cap/concert-hall-cap.mzn","../data/mzn-challenge/2024/concert-hall-cap/concert_150_20.json"
"concert-hall-cap","../data/mzn-challenge/2024/concert-hall-cap/concert-hall-cap.mzn","../data/mzn-challenge/2024/concert-hall-cap/concert_100_20.json"
"graph-clear","../data/mzn-challenge/2024/graph-clear/graph_clear_cp.mzn","../data/mzn-challenge/2024/graph-clear/planar_n30_seed2022_4.json"
"graph-clear","../data/mzn-challenge/2024/graph-clear/graph_clear_cp.mzn","../data/mzn-challenge/2024/graph-clear/planar_n20_seed2022_15.json"
"graph-clear","../data/mzn-challenge/2024/graph-clear/graph_clear_cp.mzn","../data/mzn-challenge/2024/graph-clear/planar_n20_seed2022_16.json"
"graph-clear","../data/mzn-challenge/2024/graph-clear/graph_clear_cp.mzn","../data/mzn-challenge/2024/graph-clear/planar_n20_seed2022_14.json"
"graph-clear","../data/mzn-challenge/2024/graph-clear/graph_clear_cp.mzn","../data/mzn-challenge/2024/graph-clear/planar_n30_seed2022_8.json"
"compression","../data/mzn-challenge/2024/compression/compression.mzn","../data/mzn-challenge/2024/compression/bin_7.json"
"compression","../data/mzn-challenge/2024/compression/compression.mzn","../data/mzn-challenge/2024/compression/lipsum_10.json"
"compression","../data/mzn-challenge/2024/compression/compression.mzn","../data/mzn-challenge/2024/compression/bin_8.json"
"compression","../data/mzn-challenge/2024/compression/compression.mzn","../data/mzn-challenge/2024/compression/bin_10.json"
"compression","../data/mzn-challenge/2024/compression/compression.mzn","../data/mzn-challenge/2024/compression/bin_20.json"
"peacable_queens","../data/mzn-challenge/2024/peacable_queens/peaceable_queens_mznc2021.mzn","../data/mzn-challenge/2024/peacable_queens/pq_n7.dzn"
"peacable_queens","../data/mzn-challenge/2024/peacable_queens/peaceable_queens_mznc2021.mzn","../data/mzn-challenge/2024/peacable_queens/pq_n12.dzn"
"peacable_queens","../data/mzn-challenge/2024/peacable_queens/peaceable_queens_mznc2021.mzn","../data/mzn-challenge/2024/peacable_queens/pq_n35.dzn"
"peacable_queens","../data/mzn-challenge/2024/peacable_queens/peaceable_queens_mznc2021.mzn","../data/mzn-challenge/2024/peacable_queens/pq_n9.dzn"
"peacable_queens","../data/mzn-challenge/2024/peacable_queens/peaceable_queens_mznc2021.mzn","../data/mzn-challenge/2024/peacable_queens/pq_n19.dzn"
"network_50_cstr","../data/mzn-challenge/2024/network_50_cstr/efm_cstr.mzn","../data/mzn-challenge/2024/network_50_cstr/MODEL1507180022.dzn"
"network_50_cstr","../data/mzn-challenge/2024/network_50_cstr/efm_cstr.mzn","../data/mzn-challenge/2024/network_50_cstr/MODEL2204150001.dzn"
"network_50_cstr","../data/mzn-challenge/2024/network_50_cstr/efm_cstr.mzn","../data/mzn-challenge/2024/network_50_cstr/toy_network_1000_m.dzn"
"network_50_cstr","../data/mzn-challenge/2024/network_50_cstr/efm_cstr.mzn","../data/mzn-challenge/2024/network_50_cstr/MODEL2204190004.dzn"
"network_50_cstr","../data/mzn-challenge/2024/network_50_cstr/efm_cstr.mzn","../data/mzn-challenge/2024/network_50_cstr/MODEL1507180015.dzn"
"yumi-dynamic","../data/mzn-challenge/2024/yumi-dynamic/yumi-dynamic.mzn","../data/mzn-challenge/2024/yumi-dynamic/p_5_GG_GGG_yumi_grid_setup_5_5_zones.dzn"
"yumi-dynamic","../data/mzn-challenge/2024/yumi-dynamic/yumi-dynamic.mzn","../data/mzn-challenge/2024/yumi-dynamic/p_7_SSSS_SSS_yumi_grid_setup_3_3_zones.dzn"
"yumi-dynamic","../data/mzn-challenge/2024/yumi-dynamic/yumi-dynamic.mzn","../data/mzn-challenge/2024/yumi-dynamic/p_9_GSGS_GSGSG_yumi_grid_setup_7_7_zones.dzn"
"yumi-dynamic","../data/mzn-challenge/2024/yumi-dynamic/yumi-dynamic.mzn","../data/mzn-challenge/2024/yumi-dynamic/p_5_GSS_SG_yumi_grid_setup_3_4_zones.dzn"
"yumi-dynamic","../data/mzn-challenge/2024/yumi-dynamic/yumi-dynamic.mzn","../data/mzn-challenge/2024/yumi-dynamic/p_4_GG_GG_yumi_grid_setup_5_5_zones.dzn"
