"configuration","problem","model","data_file","status","time","cuda_version","cores","parsed_variables","initTime","propagator_mem","flatBoolVars","variables","propagators","run","hardware","evaluatedReifiedConstraints","fixpoint_iterations","eliminated_variables","solver","solve_time","eps_skipped_subproblems","flatTime","shared_mem","paths","fixpoint_time","num_solutions","dive_time","parsed_constraints","cutnodes","mzn_solver","eliminatedImplications","tnf_variables","method","memory_configuration","version","wait_cpu_time","stack_size","select_fp_functions_time","flatIntVars","failures","transfer_cpu2gpu_time","flatIntConstraints","preprocessing_time","eps_num_subproblems","problem_path","nodes","objective","threads","free_search","solveTime","or_nodes","flatBoolConstraints","nSolutions","timeout_ms","peakDepth","transfer_gpu2cpu_time","num_blocks_done","threads_per_block","search_time","tnf_constraints","store_mem","eps_solved_subproblems","arch","eliminated_formulas","datetime"
"turbo-gpu-release_v1.2.4_hybrid_dcmst_c_v20_a190_d4_14cores_80threads_timeout300000ms_hybrid","diameterc-mst","../data/mzn-challenge/2022/diameterc-mst/dcmst.mzn","../data/mzn-challenge/2022/diameterc-mst/c_v20_a190_d4.dzn","SATISFIED","","12040","14","3045","0.311","174468","2141","7336","10896","tmp","iris","1571","45415749","0","Turbo","78.512","0","0.234146","0","0","40.958","56","3.977","6962","0","turbo.gpu.release","","7336","minimize","global","v1.2.4","30.133","32000","4.837","252","915206","3.262","1785","0.307","4096","/tmp/mznfileSlePrn.fzn","1871581","378","80","yes","300.022","80","3852","1","300000","37","1.897","70","256","0.355","11253","58748","4086","hybrid","0","2024-12-28T04:29:09.465888"
"turbo-gpu-release_v1.2.4_hybrid_accap_accap_a40_f800_t180_14cores_80threads_timeout300000ms_hybrid","accap","../data/mzn-challenge/2022/accap/accap.mzn","../data/mzn-challenge/2022/accap/accap_a40_f800_t180.json","SATISFIED","","12040","14","28494","7.909","2559924","26770","147451","159987","tmp","iris","26770","3277880","0","Turbo","284.447","226","8.69806","0","0","230.073","194","8.801","58616","0","turbo.gpu.release","","147451","minimize","global","v1.2.4","24.992","32000","11.144","842","77491","21.133","43503","7.811","4096","/tmp/mznfileMKFV2K.fzn","170852","2704","80","yes","300.007","80","13385","1","300000","853","6.301","0","256","0.387","177573","1179668","19","hybrid","0","2024-12-28T04:08:49.387342"
"turbo-gpu-release_v1.2.4_hybrid_tower_100_100_20_100-04_14cores_160threads_timeout300000ms_hybrid","tower","../data/mzn-challenge/2022/tower/tower.mzn","../data/mzn-challenge/2022/tower/100_100_20_100-04.dzn","SATISFIED","","12040","14","12547","1.234","708916","4260","38559","44299","tmp","iris","8060","61946866","0","Turbo","294.9","2582","0.577135","0","0","280.264","56","4.971","23257","0","turbo.gpu.release","","38559","maximize","global","v1.2.4","10.886","32000","4.391","4747","342601","2.029","10887","1.226","4096","/tmp/mznfilerAwB4U.fzn","701161","60","160","yes","300.018","160","100","1","300000","403","1.27","0","256","0.379","49269","308532","118","hybrid","0","2024-12-28T11:38:26.418705"
"turbo-gpu-release_v1.2.4_hybrid_gfd-schedule2_n55f2d50m30k3_10124_14cores_80threads_timeout300000ms_hybrid","gfd-schedule","../data/mzn-challenge/2022/gfd-schedule/gfd-schedule2.mzn","../data/mzn-challenge/2022/gfd-schedule/n55f2d50m30k3_10124.dzn","SATISFIED","","12040","14","32604","3.256","1215396","16973","67749","75954","tmp","iris","11641","11906026","0","Turbo","293.015","12","0.547989","0","0","246.671","5","0.76","54575","0","turbo.gpu.release","","67749","minimize","global","v1.2.4","27.364","32000","7.959","13350","210846","11.866","25585","3.216","4096","/tmp/mznfile9TE9Jy.fzn","424329","5205","80","yes","300.007","80","7659","1","300000","55","4.938","0","256","0.537","89720","542052","0","hybrid","0","2024-12-28T03:58:36.720951"
"turbo-gpu-release_v1.2.4_hybrid_model_data3_5_31_28cores_80threads_timeout300000ms_hybrid","team-assignment","../data/mzn-challenge/2022/team-assignment/model.mzn","../data/mzn-challenge/2022/team-assignment/data3_5_31.dzn","SATISFIED","","12040","28","15932","1.392","591204","7764","35445","36942","tmp","iris","7764","27576290","0","Turbo","296.617","0","0.557806","0","0","245.061","64","0.509","25684","0","turbo.gpu.release","","35445","maximize","global","v1.2.4","35.728","32000","7.447","7982","464610","8.525","17514","1.374","4096","/tmp/mznfileVFVVWK.fzn","939386","9254","80","yes","300.091","80","","1","300000","148","5.141","0","256","0.791","45197","283620","0","hybrid","0","2024-12-29T16:25:23.084225"
"turbo-gpu-release_v1.2.4_hybrid_triangular_n39_14cores_80threads_timeout300000ms_hybrid","triangular","../data/mzn-challenge/2022/triangular/triangular.mzn","../data/mzn-challenge/2022/triangular/n39.dzn","SATISFIED","","12040","14","3863","25.195","3303188","","207966","206441","tmp","iris","","2612145","0","Turbo","264.553","0","2.96161","0","0","178.797","11","3.207","105136","0","turbo.gpu.release","","207966","maximize","global","v1.2.4","30.916","32000","10.126","781","67688","44.114","101271","24.884","4096","/tmp/mznfilev0WcaO.fzn","142445","96","80","yes","300.06","80","","1","300000","96","8.589","0","256","0.86","309239","1663788","0","hybrid","0","2024-12-28T04:03:39.898537"
"turbo-gpu-release_v1.2.4_hybrid_tower_100_100_20_100-04_14cores_80threads_timeout300000ms_hybrid","tower","../data/mzn-challenge/2022/tower/tower.mzn","../data/mzn-challenge/2022/tower/100_100_20_100-04.dzn","SATISFIED","","12040","14","12547","1.262","708916","4260","38559","44299","tmp","iris","8060","35208800","0","Turbo","296.674","2244","0.456806","0","0","278.018","52","3.573","23257","0","turbo.gpu.release","","38559","maximize","global","v1.2.4","12.923","32000","3.885","4747","238491","2.934","10887","1.247","4096","/tmp/mznfilelEZYVd.fzn","484391","60","80","yes","300.072","80","100","1","300000","307","2.232","0","256","0.392","49269","308532","72","hybrid","0","2024-12-28T04:14:03.460533"
"turbo-gpu-release_v1.2.4_hybrid_blocks_16-4-5_28cores_160threads_timeout300000ms_hybrid","blocks-world","../data/mzn-challenge/2022/blocks-world/blocks.mzn","../data/mzn-challenge/2022/blocks-world/16-4-5.dzn","UNKNOWN","","12040","28","50056","5.765","1788740","23139","109677","111788","tmp","iris","21436","16238266","0","Turbo","282.516","0","1.01128","0","0","258.375","0","12.17","74030","0","turbo.gpu.release","249","109677","minimize","global","v1.2.4","14.742","32000","7.894","20179","131492","5.725","39757","5.729","4096","/tmp/mznfilelrrr0H.fzn","276722","","160","yes","300.02","160","5228","0","300000","107","2.862","0","256","0.494","133651","877476","608","hybrid","0","2024-12-29T15:20:46.959890"
"turbo-gpu-release_v1.2.4_hybrid_blocks_16-4-5_14cores_80threads_timeout300000ms_hybrid","blocks-world","../data/mzn-challenge/2022/blocks-world/blocks.mzn","../data/mzn-challenge/2022/blocks-world/16-4-5.dzn","UNKNOWN","","12040","14","50056","5.747","1788740","23139","109677","111788","tmp","iris","21436","10265214","0","Turbo","288.209","0","0.90654","0","0","261.736","0","14.453","74030","0","turbo.gpu.release","249","109677","minimize","global","v1.2.4","13.868","32000","5.832","20179","89750","7.702","39757","5.676","4096","/tmp/mznfile8FLDb8.fzn","187685","","80","yes","300.014","80","5228","0","300000","89","3.97","0","256","0.37","133651","877476","528","hybrid","0","2024-12-28T03:58:34.567820"
"turbo-gpu-release_v1.2.4_hybrid_triangular_n10_14cores_160threads_timeout300000ms_hybrid","triangular","../data/mzn-challenge/2022/triangular/triangular.mzn","../data/mzn-challenge/2022/triangular/n10.dzn","SATISFIED","","12040","14","267","0.041","20388","","1370","1266","tmp","iris","","179910888","0","Turbo","299.657","0","0.0945975","0","0","37.121","20","0.23","765","0","turbo.gpu.release","","1370","maximize","global","v1.2.4","209.754","32000","52.954","56","6952756","16.815","496","0.041","4096","/tmp/mznfile8UBaGl.fzn","13913654","20","160","yes","300.017","160","","1","300000","28","8.317","0","256","0.591","1868","11020","536","hybrid","0","2024-12-29T18:51:56.166202"
"turbo-gpu-release_v1.2.4_hybrid_stripboard_common-emitter-simple_14cores_160threads_timeout300000ms_hybrid","stripboard","../data/mzn-challenge/2022/stripboard/stripboard.mzn","../data/mzn-challenge/2022/stripboard/common-emitter-simple.dzn","UNKNOWN","","12040","14","2123","0.5","267492","1615","14683","16710","tmp","iris","1627","42259598","0","Turbo","297.892","2562","0.805933","0","0","184.554","0","1.824","4563","0","turbo.gpu.release","6","14581","minimize","global","v1.2.4","74.373","32000","22.575","298","1089662","19.949","2178","0.497","4096","/tmp/mznfileuukWiv.fzn","2194639","","160","yes","300.084","160","641","0","300000","77","7.636","0","256","0.452","17093","117524","4","hybrid","0","2024-12-28T11:16:58.008261"
"turbo-gpu-release_v1.2.4_gpu_model_data3_5_31_1cores_80threads_timeout300000ms_gpu","team-assignment","../data/mzn-challenge/2022/team-assignment/model.mzn","../data/mzn-challenge/2022/team-assignment/data3_5_31.dzn","SATISFIED","","12040","1","15932","1.535","709444","7764","35445","36942","tmp","iris","7764","38945525","0","Turbo","249.103","0","0.462719","1428","0","127.738","121","0.205","25684","0","turbo.gpu.release","","35445","maximize","global","v1.2.4","0.0","32000","3.163","7982","649880","0.0","17514","1.516","4096","/tmp/mznfileNo7tKb.fzn","1310015","9254","80","yes","300.064","80","","1","300000","150","0.0","0","256","153.229","45197","283808","0","gpu","0","2024-12-28T03:07:43.278484"
"turbo-gpu-release_v1.2.4_hybrid_blocks_16-4-5_14cores_160threads_timeout300000ms_hybrid","blocks-world","../data/mzn-challenge/2022/blocks-world/blocks.mzn","../data/mzn-challenge/2022/blocks-world/16-4-5.dzn","UNKNOWN","","12040","14","50056","5.678","1788740","23139","109677","111788","tmp","iris","21436","12375547","0","Turbo","282.73","0","1.00924","0","0","251.948","0","16.267","74030","0","turbo.gpu.release","249","109677","minimize","global","v1.2.4","17.757","32000","8.806","20179","104077","8.077","39757","5.643","4096","/tmp/mznfileYjXkt6.fzn","220330","","160","yes","300.016","160","5228","0","300000","107","3.677","0","256","0.47","133651","877476","576","hybrid","0","2024-12-28T11:21:58.917308"
"turbo-gpu-release_v1.2.4_hybrid_dcmst_c_v20_a190_d4_28cores_80threads_timeout300000ms_hybrid","diameterc-mst","../data/mzn-challenge/2022/diameterc-mst/dcmst.mzn","../data/mzn-challenge/2022/diameterc-mst/c_v20_a190_d4.dzn","SATISFIED","","12040","28","3045","0.321","174468","2141","7336","10896","tmp","iris","1571","47297599","0","Turbo","72.255","0","0.250726","0","0","39.294","67","3.112","6962","0","turbo.gpu.release","","7336","minimize","global","v1.2.4","27.743","32000","4.256","252","952223","2.525","1785","0.317","4096","/tmp/mznfileosiTFP.fzn","1945624","378","80","yes","300.025","80","3852","1","300000","37","1.243","72","256","0.404","11253","58748","4088","hybrid","0","2024-12-29T16:20:21.432007"
"turbo-gpu-release_v1.2.4_hybrid_peaceable_queens_n8_q3_28cores_80threads_timeout300000ms_hybrid","generalized-peacable-queens","../data/mzn-challenge/2022/generalized-peacable-queens/peaceable_queens.mzn","../data/mzn-challenge/2022/generalized-peacable-queens/n8_q3.json","SATISFIED","","12040","28","2958","0.519","401684","1795","20732","25097","tmp","iris","1384","60464024","0","Turbo","298.281","0","0.255672","0","0","245.535","4","0.308","8467","0","turbo.gpu.release","","20732","maximize","global","v1.2.4","38.693","32000","8.149","837","769317","7.424","1794","0.512","4096","/tmp/mznfilesJKM5t.fzn","1541851","3","80","yes","300.012","80","1679","1","300000","50","4.055","0","256","0.667","26241","165916","0","hybrid","0","2024-12-29T16:04:45.890039"
"turbo-gpu-release_v1.2.4_hybrid_wordpress_Wordpress7_Offers500_14cores_160threads_timeout300000ms_hybrid","wordpress","../data/mzn-challenge/2022/wordpress/wordpress.mzn","../data/mzn-challenge/2022/wordpress/Wordpress7_Offers500.dzn","SATISFIED","","12040","14","683","5.262","1947764","36","92726","121727","tmp","iris","36","25260346","0","Turbo","285.172","0","0.216428","0","0","266.618","677","3.56","30909","0","turbo.gpu.release","","92726","minimize","global","v1.2.4","11.792","32000","5.025","182","83821","3.716","300","5.229","4096","/tmp/mznfileUBb16r.fzn","176957","67218","160","yes","300.005","160","20","1","300000","110","2.388","0","256","0.796","122952","741868","0","hybrid","0","2024-12-28T11:16:58.008286"
"turbo-gpu-release_v1.2.4_gpu_blocks_16-4-5_1cores_80threads_timeout300000ms_gpu","blocks-world","../data/mzn-challenge/2022/blocks-world/blocks.mzn","../data/mzn-challenge/2022/blocks-world/16-4-5.dzn","UNKNOWN","","12040","1","50056","6.336","2146488","23139","109677","111788","tmp","iris","21436","17970580","0","Turbo","257.638","0","1.3912","1428","0","176.548","0","4.875","74030","0","turbo.gpu.release","249","109677","minimize","global","v1.2.4","0.0","32000","3.141","20179","140904","0.0","39757","6.258","4096","/tmp/mznfileBfmqc1.fzn","290618","","80","yes","300.046","80","5228","0","300000","90","0.0","0","256","93.376","133651","877664","573","gpu","0","2024-12-28T02:52:07.386629"
"turbo-gpu-release_v1.2.4_gpu_tower_100_100_20_100-04_1cores_80threads_timeout300000ms_gpu","tower","../data/mzn-challenge/2022/tower/tower.mzn","../data/mzn-challenge/2022/tower/100_100_20_100-04.dzn","SATISFIED","","12040","1","12547","1.404","850699","4260","38559","44299","tmp","iris","8060","45002859","0","Turbo","193.823","2276","0.501965","1428","0","209.425","55","1.865","23257","0","turbo.gpu.release","","38559","maximize","global","v1.2.4","0.0","32000","2.144","4747","279755","0.0","10887","1.387","4096","/tmp/mznfileQVBRYe.fzn","567301","60","80","yes","300.065","80","100","1","300000","313","0.0","0","256","78.713","49269","308720","73","gpu","0","2024-12-28T03:02:16.735696"
"turbo-gpu-release_v1.2.4_gpu_triangular_n10_1cores_80threads_timeout300000ms_gpu","triangular","../data/mzn-challenge/2022/triangular/triangular.mzn","../data/mzn-challenge/2022/triangular/n10.dzn","SATISFIED","","12040","1","267","0.044","24465","","1370","1266","tmp","iris","","229701543","0","Turbo","273.525","0","0.0796616","37101","0","18.924","20","0.132","765","0","turbo.gpu.release","","1370","maximize","store_pc_shared","v1.2.4","0.0","32000","1.193","56","8876153","0.0","496","0.043","4096","/tmp/mznfileA7PSP5.fzn","17759711","20","80","yes","300.086","80","","1","300000","29","0.0","0","256","277.003","1868","11208","599","gpu","0","2024-12-28T02:57:08.167084"
"turbo-gpu-release_v1.2.4_hybrid_tower_100_100_20_100-04_28cores_160threads_timeout300000ms_hybrid","tower","../data/mzn-challenge/2022/tower/tower.mzn","../data/mzn-challenge/2022/tower/100_100_20_100-04.dzn","SATISFIED","","12040","28","12547","1.235","708916","4260","38559","44299","tmp","iris","8060","51623368","0","Turbo","294.744","2582","0.597291","0","0","277.933","51","6.453","23257","0","turbo.gpu.release","","38559","maximize","global","v1.2.4","12.48","32000","4.849","4747","290893","2.218","10887","1.228","4096","/tmp/mznfileSZqRYg.fzn","597999","60","160","yes","300.017","160","100","1","300000","400","1.537","0","256","0.481","49269","308532","118","hybrid","0","2024-12-29T15:58:46.513752"
"turbo-gpu-release_v1.2.4_hybrid_dcmst_c_v20_a190_d4_28cores_160threads_timeout300000ms_hybrid","diameterc-mst","../data/mzn-challenge/2022/diameterc-mst/dcmst.mzn","../data/mzn-challenge/2022/diameterc-mst/c_v20_a190_d4.dzn","SATISFIED","","12040","28","3045","0.308","174468","2141","7336","10896","tmp","iris","1571","47024970","0","Turbo","52.245","0","0.250645","0","0","27.151","61","3.589","6962","0","turbo.gpu.release","","7336","minimize","global","v1.2.4","20.055","32000","5.233","252","947820","2.435","1785","0.306","4096","/tmp/mznfilehfZ3d2.fzn","1936819","378","160","yes","300.034","160","3852","1","300000","37","0.97","151","256","0.209","11253","58748","4087","hybrid","0","2024-12-29T16:24:30.647842"
"turbo-gpu-release_v1.2.4_gpu_accap_accap_a40_f800_t180_1cores_80threads_timeout300000ms_gpu","accap","../data/mzn-challenge/2022/accap/accap.mzn","../data/mzn-challenge/2022/accap/accap_a40_f800_t180.json","SATISFIED","","12040","1","28494","8.573","3071908","26770","147451","159987","tmp","iris","26770","8332654","0","Turbo","252.783","234","9.21638","1428","0","130.311","336","2.785","58616","0","turbo.gpu.release","","147451","minimize","global","v1.2.4","0.0","32000","4.753","842","139907","0.0","43503","8.467","4096","/tmp/mznfileP1bta1.fzn","304433","2314","80","yes","300.026","80","13385","1","300000","857","0.0","0","256","130.304","177573","1179856","18","gpu","0","2024-12-28T02:57:17.534835"
"turbo-gpu-release_v1.2.4_hybrid_peaceable_queens_n8_q3_14cores_160threads_timeout300000ms_hybrid","generalized-peacable-queens","../data/mzn-challenge/2022/generalized-peacable-queens/peaceable_queens.mzn","../data/mzn-challenge/2022/generalized-peacable-queens/n8_q3.json","SATISFIED","","12040","14","2958","0.531","401684","1795","20732","25097","tmp","iris","1384","64621374","0","Turbo","297.2","0","0.244312","0","0","226.999","4","0.603","8467","0","turbo.gpu.release","","20732","maximize","global","v1.2.4","48.363","32000","13.067","837","839126","10.951","1794","0.528","4096","/tmp/mznfileT0HRm5.fzn","1684670","3","160","yes","300.065","160","1679","1","300000","50","5.216","0","256","0.467","26241","165916","0","hybrid","0","2024-12-28T11:43:30.583814"
"turbo-gpu-release_v1.2.4_hybrid_stripboard_common-emitter-simple_14cores_80threads_timeout300000ms_hybrid","stripboard","../data/mzn-challenge/2022/stripboard/stripboard.mzn","../data/mzn-challenge/2022/stripboard/common-emitter-simple.dzn","UNKNOWN","","12040","14","2123","0.486","267492","1615","14683","16710","tmp","iris","1627","38583810","0","Turbo","298.681","1754","0.259795","0","0","177.359","0","1.404","4563","0","turbo.gpu.release","6","14581","minimize","global","v1.2.4","84.143","32000","14.286","298","1061970","18.948","2178","0.48","4096","/tmp/mznfilekzkhRK.fzn","2131938","","80","yes","300.082","80","641","0","300000","72","8.148","0","256","0.746","17093","117524","3","hybrid","0","2024-12-28T03:53:33.367875"
"turbo-gpu-release_v1.2.4_hybrid_spot5_404_28cores_160threads_timeout300000ms_hybrid","spot5","../data/mzn-challenge/2022/spot5/spot5.mzn","../data/mzn-challenge/2022/spot5/404.dzn","SATISFIED","","12040","28","1112","0.583","455268","100","22195","28446","tmp","iris","100","24763097","0","Turbo","296.932","394","0.177294","0","0","173.704","25","1.799","8124","0","turbo.gpu.release","","22053","minimize","global","v1.2.4","76.102","32000","24.861","811","760699","25.829","1439","0.579","4096","/tmp/mznfiley69WSZ.fzn","1535719","133","160","yes","300.017","160","","1","300000","88","9.515","0","256","0.767","29065","177620","52","hybrid","0","2024-12-29T15:42:22.717141"
"turbo-gpu-release_v1.2.4_hybrid_bool-model-sickness_large-2_14cores_160threads_timeout300000ms_hybrid","roster-sickness","../data/mzn-challenge/2022/roster-sickness/bool-model-sickness.mzn","../data/mzn-challenge/2022/roster-sickness/large-2.dzn","SATISFIED","","12040","14","22952","0.59","140148","7425","29882","8751","tmp","iris","","15396779","0","Turbo","295.676","18","27.0324","0","0","90.323","25","2.936","25696","0","turbo.gpu.release","","29882","maximize","global","v1.2.4","107.036","32000","44.033","627","446974","59.449","3320","0.586","4096","/tmp/mznfileVKintl.fzn","900792","247896","160","yes","300.002","160","","1","300000","30","17.612","0","256","0.52","32698","239116","414","hybrid","0","2024-12-28T11:48:26.320124"
"turbo-gpu-release_v1.2.4_gpu_stripboard_common-emitter-simple_1cores_80threads_timeout300000ms_gpu","stripboard","../data/mzn-challenge/2022/stripboard/stripboard.mzn","../data/mzn-challenge/2022/stripboard/common-emitter-simple.dzn","UNKNOWN","","12040","1","2123","0.55","320990","1615","14683","16710","tmp","iris","1627","67172320","0","Turbo","285.989","2218","0.631682","1428","0","94.557","0","0.591","4563","0","turbo.gpu.release","6","14581","minimize","global","v1.2.4","0.0","32000","2.191","298","1794586","0.0","2178","0.543","4096","/tmp/mznfilevIPOsV.fzn","3596932","","80","yes","300.005","80","641","0","300000","73","0.0","0","256","195.719","17093","117712","6","gpu","0","2024-12-28T02:52:07.386695"
"turbo-gpu-release_v1.2.4_hybrid_wordpress_Wordpress7_Offers500_28cores_80threads_timeout300000ms_hybrid","wordpress","../data/mzn-challenge/2022/wordpress/wordpress.mzn","../data/mzn-challenge/2022/wordpress/Wordpress7_Offers500.dzn","SATISFIED","","12040","28","683","5.435","1947764","36","92726","121727","tmp","iris","36","21229688","0","Turbo","289.998","0","0.192883","0","0","279.908","683","1.311","30909","0","turbo.gpu.release","","92726","minimize","global","v1.2.4","6.64","32000","2.534","182","64575","1.74","300","5.368","4096","/tmp/mznfile9incLx.fzn","134477","65408","80","yes","300.072","80","20","1","300000","118","1.49","0","256","0.353","122952","741868","0","hybrid","0","2024-12-29T15:08:55.893197"
"turbo-gpu-release_v1.2.4_gpu_accap_accap_a4_f30_t15_1cores_80threads_timeout300000ms_gpu","accap","../data/mzn-challenge/2022/accap/accap.mzn","../data/mzn-challenge/2022/accap/accap_a4_f30_t15.json","SATISFIED","","12040","1","530","0.075","48273","460","2319","2506","tmp","iris","460","218785888","0","Turbo","284.559","226","0.0965941","20228","0","37.729","47","0.037","993","0","turbo.gpu.release","","2319","minimize","store_shared","v1.2.4","0.0","32000","1.23","36","5308627","0.0","689","0.074","4096","/tmp/mznfileu3qZC9.fzn","10620555","120","80","yes","300.025","80","230","1","300000","99","0.0","0","256","259.167","2782","18800","18","gpu","0","2024-12-28T03:02:09.132837"
"turbo-gpu-release_v1.2.4_hybrid_triangular_n10_14cores_80threads_timeout300000ms_hybrid","triangular","../data/mzn-challenge/2022/triangular/triangular.mzn","../data/mzn-challenge/2022/triangular/n10.dzn","SATISFIED","","12040","14","267","0.04","20388","","1370","1266","tmp","iris","","186566477","0","Turbo","299.808","0","0.0942006","11160","0","22.146","14","0.162","765","0","turbo.gpu.release","","1370","maximize","store_shared","v1.2.4","241.412","32000","31.153","56","7197576","11.402","496","0.04","4096","/tmp/mznfileX2lsqT.fzn","14401394","20","80","yes","300.06","80","","1","300000","29","5.896","0","256","1.146","1868","11020","483","hybrid","0","2024-12-28T04:03:39.724097"
"turbo-gpu-release_v1.2.4_hybrid_model_data3_5_31_28cores_160threads_timeout300000ms_hybrid","team-assignment","../data/mzn-challenge/2022/team-assignment/model.mzn","../data/mzn-challenge/2022/team-assignment/data3_5_31.dzn","SATISFIED","","12040","28","15932","1.384","591204","7764","35445","36942","tmp","iris","7764","26906511","0","Turbo","294.614","0","0.500617","0","0","220.757","104","1.032","25684","0","turbo.gpu.release","","35445","maximize","global","v1.2.4","48.943","32000","14.018","7982","480409","13.755","17514","1.375","4096","/tmp/mznfileGk5ZDx.fzn","980632","9249","160","yes","300.0","160","","1","300000","144","6.05","0","256","1.215","45197","283620","0","hybrid","0","2024-12-29T16:29:32.411231"
"turbo-gpu-release_v1.2.4_hybrid_wordpress_Wordpress7_Offers500_14cores_80threads_timeout300000ms_hybrid","wordpress","../data/mzn-challenge/2022/wordpress/wordpress.mzn","../data/mzn-challenge/2022/wordpress/Wordpress7_Offers500.dzn","SATISFIED","","12040","14","683","5.206","1947764","36","92726","121727","tmp","iris","36","19573333","0","Turbo","290.109","0","0.0948951","0","0","277.996","674","1.715","30909","0","turbo.gpu.release","","92726","minimize","global","v1.2.4","7.416","32000","2.728","182","60415","2.409","300","5.141","4096","/tmp/mznfiletEoHGD.fzn","126090","65703","80","yes","300.029","80","20","1","300000","113","1.966","0","256","0.284","122952","741868","0","hybrid","0","2024-12-28T03:53:33.298011"
"turbo-gpu-release_v1.2.4_hybrid_accap_accap_a4_f30_t15_28cores_160threads_timeout300000ms_hybrid","accap","../data/mzn-challenge/2022/accap/accap.mzn","../data/mzn-challenge/2022/accap/accap_a4_f30_t15.json","SATISFIED","","12040","28","530","0.067","40228","460","2319","2506","tmp","iris","460","225814491","0","Turbo","299.61","862","0.122105","0","0","79.208","47","0.237","993","0","turbo.gpu.release","","2319","minimize","global","v1.2.4","170.974","32000","25.612","36","5488916","19.188","689","0.067","4096","/tmp/mznfilem2ZiRh.fzn","10984876","115","160","yes","300.088","160","230","1","300000","105","7.068","0","256","0.629","2782","18612","37","hybrid","0","2024-12-29T18:55:57.248209"
"turbo-gpu-release_v1.2.4_hybrid_nfc_24_4_2_28cores_80threads_timeout300000ms_hybrid","nfc","../data/mzn-challenge/2022/nfc/nfc.mzn","../data/mzn-challenge/2022/nfc/24_4_2.dzn","SATISFIED","","12040","28","169","0.013","7684","","527","472","tmp","iris","","1588897604","0","Turbo","299.86","0","0.0873845","4416","0","61.117","3","0.023","222","0","turbo.gpu.release","","527","minimize","store_shared","v1.2.4","227.394","32000","21.358","49","9903715","3.428","49","0.013","4096","/tmp/mznfileYnwpzd.fzn","19811515","1836","80","yes","300.055","80","","1","300000","71","2.428","0","256","1.549","580","4276","0","hybrid","0","2024-12-29T15:59:44.520706"
"turbo-gpu-release_v1.2.4_gpu_triangular_n39_1cores_80threads_timeout300000ms_gpu","triangular","../data/mzn-challenge/2022/triangular/triangular.mzn","../data/mzn-challenge/2022/triangular/n39.dzn","SATISFIED","","12040","1","3863","26.853","3963825","","207966","206441","tmp","iris","","5089742","0","Turbo","233.853","0","3.16754","1428","0","69.218","27","0.893","105136","0","turbo.gpu.release","","207966","maximize","global","v1.2.4","0.0","32000","3.525","781","134190","0.0","101271","26.522","4096","/tmp/mznfileVIDe9M.fzn","275490","96","80","yes","300.041","80","","1","300000","97","0.0","0","256","154.945","309239","1663976","0","gpu","0","2024-12-28T02:57:13.063868"
"turbo-gpu-release_v1.2.4_hybrid_nfc_24_4_2_14cores_80threads_timeout300000ms_hybrid","nfc","../data/mzn-challenge/2022/nfc/nfc.mzn","../data/mzn-challenge/2022/nfc/24_4_2.dzn","SATISFIED","","12040","14","169","0.014","7684","","527","472","tmp","iris","","1547822455","0","Turbo","299.864","0","0.0690162","4416","0","59.665","2","0.024","222","0","turbo.gpu.release","","527","minimize","store_shared","v1.2.4","226.708","32000","22.397","49","9682786","3.885","49","0.013","4096","/tmp/mznfilegnlWOv.fzn","19369646","1836","80","yes","300.056","80","","1","300000","71","2.235","0","256","1.139","580","4276","0","hybrid","0","2024-12-28T04:18:42.397248"
"turbo-gpu-release_v1.2.4_hybrid_accap_accap_a40_f800_t180_28cores_80threads_timeout300000ms_hybrid","accap","../data/mzn-challenge/2022/accap/accap.mzn","../data/mzn-challenge/2022/accap/accap_a40_f800_t180.json","SATISFIED","","12040","28","28494","8.062","2559924","26770","147451","159987","tmp","iris","26770","4347884","0","Turbo","284.102","226","8.58472","0","0","240.626","342","6.678","58616","0","turbo.gpu.release","","147451","minimize","global","v1.2.4","21.553","32000","10.934","842","97056","15.348","43503","7.963","4096","/tmp/mznfilevEvBBA.fzn","216406","2512","80","yes","300.008","80","13385","1","300000","855","5.212","0","256","0.54","177573","1179668","19","hybrid","0","2024-12-29T15:44:24.240006"
"turbo-gpu-release_v1.2.4_hybrid_spot5_404_14cores_80threads_timeout300000ms_hybrid","spot5","../data/mzn-challenge/2022/spot5/spot5.mzn","../data/mzn-challenge/2022/spot5/404.dzn","SATISFIED","","12040","14","1112","0.628","455268","100","22195","28446","tmp","iris","100","20143735","0","Turbo","298.079","210","0.16057","0","0","167.314","29","1.059","8124","0","turbo.gpu.release","","22053","minimize","global","v1.2.4","82.114","32000","13.959","811","608230","25.882","1439","0.62","4096","/tmp/mznfileyQoaIq.fzn","1223357","133","80","yes","300.066","80","","1","300000","87","11.078","0","256","0.572","29065","177620","27","hybrid","0","2024-12-28T04:08:40.432038"
"turbo-gpu-release_v1.2.4_hybrid_blocks_16-4-5_28cores_80threads_timeout300000ms_hybrid","blocks-world","../data/mzn-challenge/2022/blocks-world/blocks.mzn","../data/mzn-challenge/2022/blocks-world/16-4-5.dzn","UNKNOWN","","12040","28","50056","5.68","1788740","23139","109677","111788","tmp","iris","21436","12966246","0","Turbo","288.466","0","0.977612","0","0","267.89","0","10.373","74030","0","turbo.gpu.release","249","109677","minimize","global","v1.2.4","11.643","32000","5.413","20179","110121","5.225","39757","5.61","4096","/tmp/mznfileK8C66y.fzn","228412","","80","yes","300.017","80","5228","0","300000","90","3.052","0","256","0.521","133651","877476","528","hybrid","0","2024-12-29T15:19:00.409693"
"turbo-gpu-release_v1.2.4_hybrid_bool-model-sickness_large-2_28cores_160threads_timeout300000ms_hybrid","roster-sickness","../data/mzn-challenge/2022/roster-sickness/bool-model-sickness.mzn","../data/mzn-challenge/2022/roster-sickness/large-2.dzn","SATISFIED","","12040","28","22952","0.555","140148","7425","29882","8751","tmp","iris","","20664475","0","Turbo","295.917","20","25.5157","0","0","93.494","30","2.384","25696","0","turbo.gpu.release","","29882","maximize","global","v1.2.4","113.095","32000","37.062","627","600782","56.061","3320","0.552","4096","/tmp/mznfile175vKc.fzn","1209435","247896","160","yes","300.038","160","","1","300000","32","15.147","0","256","0.733","32698","239116","516","hybrid","0","2024-12-29T16:13:55.084892"
"turbo-gpu-release_v1.2.4_hybrid_gfd-schedule2_n55f2d50m30k3_10124_28cores_160threads_timeout300000ms_hybrid","gfd-schedule","../data/mzn-challenge/2022/gfd-schedule/gfd-schedule2.mzn","../data/mzn-challenge/2022/gfd-schedule/n55f2d50m30k3_10124.dzn","SATISFIED","","12040","28","32604","3.352","1215396","16973","67749","75954","tmp","iris","11641","14574675","0","Turbo","289.1","12","0.579315","0","0","239.666","12","1.954","54575","0","turbo.gpu.release","","67749","minimize","global","v1.2.4","31.473","32000","11.316","13350","260300","10.96","25585","3.331","4096","/tmp/mznfileJX6CoL.fzn","525836","5205","160","yes","300.01","160","7659","1","300000","53","4.608","0","256","0.704","89720","542052","0","hybrid","0","2024-12-29T15:25:56.851844"
"turbo-gpu-release_v1.2.4_hybrid_accap_accap_a40_f800_t180_28cores_160threads_timeout300000ms_hybrid","accap","../data/mzn-challenge/2022/accap/accap.mzn","../data/mzn-challenge/2022/accap/accap_a40_f800_t180.json","SATISFIED","","12040","28","28494","8.018","2559924","26770","147451","159987","tmp","iris","26770","3458212","0","Turbo","277.269","862","9.01322","0","0","205.769","127","15.689","58616","0","turbo.gpu.release","","147451","minimize","global","v1.2.4","41.808","32000","19.879","842","81431","20.708","43503","7.969","4096","/tmp/mznfilemvlvDX.fzn","209058","2875","160","yes","300.063","160","13385","1","300000","853","6.459","0","256","0.932","177573","1179668","37","hybrid","0","2024-12-29T15:47:25.624969"
"turbo-gpu-release_v1.2.4_hybrid_bool-model-sickness_large-2_14cores_80threads_timeout300000ms_hybrid","roster-sickness","../data/mzn-challenge/2022/roster-sickness/bool-model-sickness.mzn","../data/mzn-challenge/2022/roster-sickness/large-2.dzn","SATISFIED","","12040","14","22952","0.592","140148","7425","29882","8751","tmp","iris","","16039949","0","Turbo","297.511","2","27.0246","0","0","87.313","25","1.338","25696","0","turbo.gpu.release","","29882","maximize","global","v1.2.4","111.892","32000","19.512","627","462242","59.61","3320","0.584","4096","/tmp/mznfileAh6pDZ.fzn","927970","247896","80","yes","300.078","80","","1","300000","34","16.648","0","256","0.681","32698","239116","216","hybrid","0","2024-12-28T04:23:42.957749"
"turbo-gpu-release_v1.2.4_hybrid_peaceable_queens_n8_q3_14cores_80threads_timeout300000ms_hybrid","generalized-peacable-queens","../data/mzn-challenge/2022/generalized-peacable-queens/peaceable_queens.mzn","../data/mzn-challenge/2022/generalized-peacable-queens/n8_q3.json","SATISFIED","","12040","14","2958","0.532","401684","1795","20732","25097","tmp","iris","1384","64240421","0","Turbo","298.281","0","0.230984","0","0","245.274","4","0.287","8467","0","turbo.gpu.release","","20732","maximize","global","v1.2.4","38.593","32000","8.286","837","818078","7.933","1794","0.525","4096","/tmp/mznfilerW1pyW.fzn","1639385","3","80","yes","300.044","80","1679","1","300000","50","3.904","0","256","0.636","26241","165916","0","hybrid","0","2024-12-28T04:19:06.202722"
"turbo-gpu-release_v1.2.4_hybrid_tower_100_100_20_100-04_28cores_80threads_timeout300000ms_hybrid","tower","../data/mzn-challenge/2022/tower/tower.mzn","../data/mzn-challenge/2022/tower/100_100_20_100-04.dzn","SATISFIED","","12040","28","12547","1.244","708916","4260","38559","44299","tmp","iris","8060","37566107","0","Turbo","296.627","2246","0.57449","0","0","279.582","52","3.055","23257","0","turbo.gpu.release","","38559","maximize","global","v1.2.4","12.326","32000","3.929","4747","254191","2.41","10887","1.228","4096","/tmp/mznfileIjcVCT.fzn","515698","60","80","yes","300.027","80","100","1","300000","307","1.889","0","256","0.476","49269","308532","74","hybrid","0","2024-12-29T15:54:40.512098"
"turbo-gpu-release_v1.2.4_hybrid_accap_accap_a4_f30_t15_14cores_160threads_timeout300000ms_hybrid","accap","../data/mzn-challenge/2022/accap/accap.mzn","../data/mzn-challenge/2022/accap/accap_a4_f30_t15.json","SATISFIED","","12040","14","530","0.067","40228","460","2319","2506","tmp","iris","460","206985822","0","Turbo","299.56","862","0.110317","0","0","86.18","51","0.254","993","0","turbo.gpu.release","","2319","minimize","global","v1.2.4","157.559","32000","27.377","36","5050080","21.231","689","0.066","4096","/tmp/mznfilePR15Ho.fzn","10107333","115","160","yes","300.035","160","230","1","300000","104","7.649","0","256","0.471","2782","18612","37","hybrid","0","2024-12-29T18:56:57.330751"
"turbo-gpu-release_v1.2.4_hybrid_spot5_404_14cores_160threads_timeout300000ms_hybrid","spot5","../data/mzn-challenge/2022/spot5/spot5.mzn","../data/mzn-challenge/2022/spot5/404.dzn","SATISFIED","","12040","14","1112","0.588","455268","100","22195","28446","tmp","iris","100","18927989","0","Turbo","297.025","394","0.179987","0","0","169.966","37","1.867","8124","0","turbo.gpu.release","","22053","minimize","global","v1.2.4","72.894","32000","26.446","811","582153","30.283","1439","0.585","4096","/tmp/mznfileOy1kAn.fzn","1178827","133","160","yes","300.1","160","","1","300000","88","10.505","0","256","0.498","29065","177620","52","hybrid","0","2024-12-28T11:32:22.114346"
"turbo-gpu-release_v1.2.4_hybrid_dcmst_c_v20_a190_d4_14cores_160threads_timeout300000ms_hybrid","diameterc-mst","../data/mzn-challenge/2022/diameterc-mst/dcmst.mzn","../data/mzn-challenge/2022/diameterc-mst/c_v20_a190_d4.dzn","SATISFIED","","12040","14","3045","0.322","174468","2141","7336","10896","tmp","iris","1571","44658852","0","Turbo","55.635","0","0.258636","0","0","28.265","68","3.852","6962","0","turbo.gpu.release","","7336","minimize","global","v1.2.4","21.253","32000","5.772","252","901899","2.894","1785","0.32","4096","/tmp/mznfile7I5RbR.fzn","1844997","378","160","yes","300.038","160","3852","1","300000","37","1.29","150","256","0.186","11253","58748","4086","hybrid","0","2024-12-28T11:53:34.742554"
"turbo-gpu-release_v1.2.4_hybrid_accap_accap_a40_f800_t180_14cores_160threads_timeout300000ms_hybrid","accap","../data/mzn-challenge/2022/accap/accap.mzn","../data/mzn-challenge/2022/accap/accap_a40_f800_t180.json","SATISFIED","","12040","14","28494","7.895","2559924","26770","147451","159987","tmp","iris","26770","2931277","0","Turbo","277.023","862","8.7285","0","0","201.793","63","19.739","58616","0","turbo.gpu.release","","147451","minimize","global","v1.2.4","41.572","32000","21.786","842","61209","23.181","43503","7.846","4096","/tmp/mznfileyEOe8g.fzn","176106","3278","160","yes","300.016","160","13385","1","300000","851","7.424","0","256","0.586","177573","1179668","37","hybrid","0","2024-12-28T11:33:08.883292"
"turbo-gpu-release_v1.2.4_gpu_nfc_24_4_2_1cores_80threads_timeout300000ms_gpu","nfc","../data/mzn-challenge/2022/nfc/nfc.mzn","../data/mzn-challenge/2022/nfc/24_4_2.dzn","SATISFIED","","12040","1","169","0.014","9220","","527","472","tmp","iris","","1485696387","0","Turbo","161.161","0","0.0721658","15112","0","55.639","62","0.005","222","0","turbo.gpu.release","","527","minimize","store_pc_shared","v1.2.4","0.0","32000","0.839","49","9370979","0.0","49","0.014","4096","/tmp/mznfilefo2PEj.fzn","18746238","1836","80","yes","300.027","80","","1","300000","75","0.0","0","256","242.202","580","4464","0","gpu","0","2024-12-28T03:02:34.765041"
"turbo-gpu-release_v1.2.4_hybrid_bool-model-sickness_small-4_28cores_80threads_timeout300000ms_hybrid","roster-sickness","../data/mzn-challenge/2022/roster-sickness/bool-model-sickness.mzn","../data/mzn-challenge/2022/roster-sickness/small-4.dzn","SATISFIED","","12040","28","4980","0.16","68180","1444","7978","4253","tmp","iris","","82853711","0","Turbo","299.278","0","1.23814","0","0","83.345","23","0.189","6067","0","turbo.gpu.release","","7978","maximize","global","v1.2.4","154.586","32000","20.29","344","2293244","30.519","1394","0.158","4096","/tmp/mznfileVSsF2r.fzn","4588764","14457","80","yes","300.044","80","","1","300000","38","10.232","0","256","1.052","9116","63884","90","hybrid","0","2024-12-29T16:15:18.911825"
"turbo-gpu-release_v1.2.4_hybrid_triangular_n10_28cores_80threads_timeout300000ms_hybrid","triangular","../data/mzn-challenge/2022/triangular/triangular.mzn","../data/mzn-challenge/2022/triangular/n10.dzn","SATISFIED","","12040","28","267","0.04","20388","","1370","1266","tmp","iris","","243317925","0","Turbo","299.763","0","0.100775","11160","0","24.098","17","0.163","765","0","turbo.gpu.release","","1370","maximize","store_shared","v1.2.4","249.083","32000","32.935","56","9411848","9.061","496","0.04","4096","/tmp/mznfileXrPKqq.fzn","18831705","20","80","yes","300.024","80","","1","300000","29","5.443","0","256","1.847","1868","11020","663","hybrid","0","2024-12-29T15:29:11.000572"
"turbo-gpu-release_v1.2.4_hybrid_peaceable_queens_n8_q3_28cores_160threads_timeout300000ms_hybrid","generalized-peacable-queens","../data/mzn-challenge/2022/generalized-peacable-queens/peaceable_queens.mzn","../data/mzn-challenge/2022/generalized-peacable-queens/n8_q3.json","SATISFIED","","12040","28","2958","0.518","401684","1795","20732","25097","tmp","iris","1384","62759244","0","Turbo","297.202","0","0.254921","0","0","229.013","4","0.642","8467","0","turbo.gpu.release","","20732","maximize","global","v1.2.4","48.466","32000","13.044","837","814952","9.729","1794","0.515","4096","/tmp/mznfilegebIk0.fzn","1636308","3","160","yes","300.049","160","1679","1","300000","50","4.834","0","256","0.611","26241","165916","0","hybrid","0","2024-12-29T16:08:52.582526"
"turbo-gpu-release_v1.2.4_hybrid_nfc_24_4_2_28cores_160threads_timeout300000ms_hybrid","nfc","../data/mzn-challenge/2022/nfc/nfc.mzn","../data/mzn-challenge/2022/nfc/24_4_2.dzn","SATISFIED","","12040","28","169","0.013","7684","","527","472","tmp","iris","","2499255065","0","Turbo","299.786","0","0.100259","4416","0","74.668","3","0.046","222","0","turbo.gpu.release","","527","minimize","store_shared","v1.2.4","205.637","32000","39.867","49","14345360","4.412","49","0.013","4096","/tmp/mznfileNjbhC3.fzn","28699327","1836","160","yes","300.023","160","","1","300000","75","4.74","0","256","1.028","580","4276","0","hybrid","0","2024-12-29T16:03:51.474579"
"turbo-gpu-release_v1.2.4_hybrid_bool-model-sickness_large-2_28cores_80threads_timeout300000ms_hybrid","roster-sickness","../data/mzn-challenge/2022/roster-sickness/bool-model-sickness.mzn","../data/mzn-challenge/2022/roster-sickness/large-2.dzn","SATISFIED","","12040","28","22952","0.562","140148","7425","29882","8751","tmp","iris","","22473057","0","Turbo","297.599","4","26.9846","0","0","88.335","20","1.258","25696","0","turbo.gpu.release","","29882","maximize","global","v1.2.4","126.653","32000","17.435","627","646454","50.928","3320","0.555","4096","/tmp/mznfile2Z39YJ.fzn","1297582","247896","80","yes","300.095","80","","1","300000","36","13.67","0","256","1.084","32698","239116","336","hybrid","0","2024-12-29T16:09:48.279678"
"turbo-gpu-release_v1.2.4_hybrid_bool-model-sickness_small-4_28cores_160threads_timeout300000ms_hybrid","roster-sickness","../data/mzn-challenge/2022/roster-sickness/bool-model-sickness.mzn","../data/mzn-challenge/2022/roster-sickness/small-4.dzn","SATISFIED","","12040","28","4980","0.16","68180","1444","7978","4253","tmp","iris","","74753843","0","Turbo","298.829","2","1.24732","0","0","94.055","13","0.565","6067","0","turbo.gpu.release","","7978","maximize","global","v1.2.4","134.835","32000","39.734","344","2079528","36.853","1394","0.159","4096","/tmp/mznfileKMzXtT.fzn","4165538","14457","160","yes","300.027","160","","1","300000","36","9.293","0","256","0.603","9116","63884","382","hybrid","0","2024-12-29T16:19:27.475581"
"turbo-gpu-release_v1.2.4_hybrid_model_data3_5_31_14cores_80threads_timeout300000ms_hybrid","team-assignment","../data/mzn-challenge/2022/team-assignment/model.mzn","../data/mzn-challenge/2022/team-assignment/data3_5_31.dzn","SATISFIED","","12040","14","15932","1.479","591204","7764","35445","36942","tmp","iris","7764","24298840","0","Turbo","296.438","0","0.455944","0","0","239.625","88","0.698","25684","0","turbo.gpu.release","","35445","maximize","global","v1.2.4","37.198","32000","7.534","7982","409821","10.492","17514","1.461","4096","/tmp/mznfilefbeflc.fzn","829835","9254","80","yes","300.054","80","","1","300000","148","6.012","0","256","0.696","45197","283620","0","hybrid","0","2024-12-28T04:29:13.027907"
"turbo-gpu-release_v1.2.4_gpu_gfd-schedule2_n55f2d50m30k3_10124_1cores_80threads_timeout300000ms_gpu","gfd-schedule","../data/mzn-challenge/2022/gfd-schedule/gfd-schedule2.mzn","../data/mzn-challenge/2022/gfd-schedule/n55f2d50m30k3_10124.dzn","SATISFIED","","12040","1","32604","3.681","1458475","16973","67749","75954","tmp","iris","11641","20045670","0","Turbo","274.627","12","0.77221","1428","0","129.963","11","0.298","54575","0","turbo.gpu.release","","67749","minimize","global","v1.2.4","0.0","32000","4.435","13350","353492","0.0","25585","3.636","4096","/tmp/mznfilePvrQ4T.fzn","709620","5205","80","yes","300.016","80","7659","1","300000","60","0.0","0","256","141.331","89720","542240","0","gpu","0","2024-12-28T02:52:07.386835"
"turbo-gpu-release_v1.2.4_gpu_peaceable_queens_n8_q3_1cores_80threads_timeout300000ms_gpu","generalized-peacable-queens","../data/mzn-challenge/2022/generalized-peacable-queens/peaceable_queens.mzn","../data/mzn-challenge/2022/generalized-peacable-queens/n8_q3.json","SATISFIED","","12040","1","2958","0.58","482020","1795","20732","25097","tmp","iris","1384","79857709","0","Turbo","277.673","0","0.252836","1428","0","148.442","4","0.11","8467","0","turbo.gpu.release","","20732","maximize","global","v1.2.4","0.0","32000","3.71","837","1017009","0.0","1794","0.572","4096","/tmp/mznfileOEZ9Kl.fzn","2037199","3","80","yes","300.028","80","1679","1","300000","50","0.0","0","256","139.524","26241","166104","0","gpu","0","2024-12-28T03:02:40.577706"
"turbo-gpu-release_v1.2.4_hybrid_stripboard_common-emitter-simple_28cores_160threads_timeout300000ms_hybrid","stripboard","../data/mzn-challenge/2022/stripboard/stripboard.mzn","../data/mzn-challenge/2022/stripboard/common-emitter-simple.dzn","UNKNOWN","","12040","28","2123","0.486","267492","1615","14683","16710","tmp","iris","1627","45321178","0","Turbo","297.822","2562","0.642162","0","0","185.745","0","2.418","4563","0","turbo.gpu.release","6","14581","minimize","global","v1.2.4","76.968","32000","22.482","298","1170756","17.851","2178","0.483","4096","/tmp/mznfile7sxcLm.fzn","2357057","","160","yes","300.009","160","641","0","300000","79","6.964","0","256","0.589","17093","117524","4","hybrid","0","2024-12-29T15:15:44.461439"
"turbo-gpu-release_v1.2.4_hybrid_stripboard_common-emitter-simple_28cores_80threads_timeout300000ms_hybrid","stripboard","../data/mzn-challenge/2022/stripboard/stripboard.mzn","../data/mzn-challenge/2022/stripboard/common-emitter-simple.dzn","UNKNOWN","","12040","28","2123","0.484","267492","1615","14683","16710","tmp","iris","1627","44377391","0","Turbo","298.681","1754","0.719859","0","0","186.029","0","1.386","4563","0","turbo.gpu.release","6","14581","minimize","global","v1.2.4","80.693","32000","14.353","298","1225556","16.917","2178","0.478","4096","/tmp/mznfileCJLDUd.fzn","2459019","","80","yes","300.085","80","641","0","300000","72","7.031","0","256","0.864","17093","117524","3","hybrid","0","2024-12-29T15:13:57.832294"
"turbo-gpu-release_v1.2.4_gpu_bool-model-sickness_large-2_1cores_80threads_timeout300000ms_gpu","roster-sickness","../data/mzn-challenge/2022/roster-sickness/bool-model-sickness.mzn","../data/mzn-challenge/2022/roster-sickness/large-2.dzn","SATISFIED","","12040","1","22952","0.624","168177","7425","29882","8751","tmp","iris","","48471534","0","Turbo","290.793","92","27.2862","1428","0","27.695","98","1.039","25696","0","turbo.gpu.release","","29882","maximize","global","v1.2.4","0.0","32000","1.911","627","1390863","0.0","3320","0.617","4096","/tmp/mznfileGdSmiJ.fzn","2793179","247896","80","yes","300.02","80","","1","300000","37","0.0","0","256","260.154","32698","239304","894","gpu","0","2024-12-28T03:07:10.123317"
"turbo-gpu-release_v1.2.4_hybrid_accap_accap_a4_f30_t15_28cores_80threads_timeout300000ms_hybrid","accap","../data/mzn-challenge/2022/accap/accap.mzn","../data/mzn-challenge/2022/accap/accap_a4_f30_t15.json","SATISFIED","","12040","28","530","0.067","40228","460","2319","2506","tmp","iris","460","274555947","0","Turbo","299.665","226","0.10517","18752","0","54.187","49","0.094","993","0","turbo.gpu.release","","2319","minimize","store_shared","v1.2.4","209.752","32000","24.074","36","6632439","11.706","689","0.066","4096","/tmp/mznfileCyLVBO.fzn","13268227","120","80","yes","300.004","80","230","1","300000","115","9.807","0","256","1.361","2782","18612","19","hybrid","0","2024-12-29T15:49:39.424824"
"turbo-gpu-release_v1.2.4_hybrid_bool-model-sickness_small-4_14cores_80threads_timeout300000ms_hybrid","roster-sickness","../data/mzn-challenge/2022/roster-sickness/bool-model-sickness.mzn","../data/mzn-challenge/2022/roster-sickness/small-4.dzn","SATISFIED","","12040","14","4980","0.161","68180","1444","7978","4253","tmp","iris","","59827986","0","Turbo","299.285","0","1.21595","0","0","76.799","23","0.177","6067","0","turbo.gpu.release","","7978","maximize","global","v1.2.4","152.708","32000","18.11","344","1652613","33.276","1394","0.159","4096","/tmp/mznfileqPYVN2.fzn","3307417","14457","80","yes","300.049","80","","1","300000","37","11.878","0","256","0.738","9116","63884","83","hybrid","0","2024-12-28T04:24:07.448223"
"turbo-gpu-release_v1.2.4_hybrid_gfd-schedule2_n55f2d50m30k3_10124_28cores_80threads_timeout300000ms_hybrid","gfd-schedule","../data/mzn-challenge/2022/gfd-schedule/gfd-schedule2.mzn","../data/mzn-challenge/2022/gfd-schedule/n55f2d50m30k3_10124.dzn","SATISFIED","","12040","28","32604","3.32","1215396","16973","67749","75954","tmp","iris","11641","13596334","0","Turbo","292.847","12","0.595975","0","0","251.528","6","0.993","54575","0","turbo.gpu.release","","67749","minimize","global","v1.2.4","25.917","32000","8.054","13350","240714","9.482","25585","3.279","4096","/tmp/mznfileP02OFO.fzn","484064","5205","80","yes","300.032","80","7659","1","300000","56","4.315","0","256","0.756","89720","542052","0","hybrid","0","2024-12-29T15:24:06.117134"
"turbo-gpu-release_v1.2.4_hybrid_triangular_n10_28cores_160threads_timeout300000ms_hybrid","triangular","../data/mzn-challenge/2022/triangular/triangular.mzn","../data/mzn-challenge/2022/triangular/n10.dzn","SATISFIED","","12040","28","267","0.042","20388","","1370","1266","tmp","iris","","205734614","0","Turbo","299.667","0","0.178184","0","0","31.904","12","0.235","765","0","turbo.gpu.release","","1370","maximize","global","v1.2.4","224.522","32000","48.939","56","7962679","14.08","496","0.042","4096","/tmp/mznfileJR1dlT.fzn","15934489","20","160","yes","300.039","160","","1","300000","28","7.744","0","256","0.831","1868","11020","642","hybrid","0","2024-12-29T18:50:57.421773"
"turbo-gpu-release_v1.2.4_hybrid_wordpress_Wordpress7_Offers500_28cores_160threads_timeout300000ms_hybrid","wordpress","../data/mzn-challenge/2022/wordpress/wordpress.mzn","../data/mzn-challenge/2022/wordpress/Wordpress7_Offers500.dzn","SATISFIED","","12040","28","683","5.375","1947764","36","92726","121727","tmp","iris","36","29524501","0","Turbo","285.373","0","0.159773","0","0","270.792","750","2.562","30909","0","turbo.gpu.release","","92726","minimize","global","v1.2.4","10.197","32000","4.125","182","94688","2.369","300","5.341","4096","/tmp/mznfileiD95R8.fzn","198836","66383","160","yes","300.076","160","20","1","300000","113","1.64","0","256","1.087","122952","741868","0","hybrid","0","2024-12-29T15:10:35.395891"
"turbo-gpu-release_v1.2.4_hybrid_nfc_24_4_2_14cores_160threads_timeout300000ms_hybrid","nfc","../data/mzn-challenge/2022/nfc/nfc.mzn","../data/mzn-challenge/2022/nfc/24_4_2.dzn","SATISFIED","","12040","14","169","0.013","7684","","527","472","tmp","iris","","2023280878","0","Turbo","299.771","0","0.0917879","4416","0","57.572","3","0.052","222","0","turbo.gpu.release","","527","minimize","store_shared","v1.2.4","220.099","32000","34.063","49","11267699","5.055","49","0.013","4096","/tmp/mznfilemm9YWT.fzn","22544132","1836","160","yes","300.01","160","","1","300000","75","5.255","0","256","0.916","580","4276","0","hybrid","0","2024-12-28T11:43:25.723417"
"turbo-gpu-release_v1.2.4_hybrid_spot5_404_28cores_80threads_timeout300000ms_hybrid","spot5","../data/mzn-challenge/2022/spot5/spot5.mzn","../data/mzn-challenge/2022/spot5/404.dzn","SATISFIED","","12040","28","1112","0.588","455268","100","22195","28446","tmp","iris","100","27683407","0","Turbo","298.115","210","0.178994","0","0","179.099","31","0.86","8124","0","turbo.gpu.release","","22053","minimize","global","v1.2.4","80.579","32000","14.444","811","839401","20.854","1439","0.581","4096","/tmp/mznfilerAwzXM.fzn","1685591","132","80","yes","300.012","80","","1","300000","87","8.999","0","256","0.8","29065","177620","27","hybrid","0","2024-12-29T15:39:22.270437"
"turbo-gpu-release_v1.2.4_hybrid_triangular_n39_28cores_80threads_timeout300000ms_hybrid","triangular","../data/mzn-challenge/2022/triangular/triangular.mzn","../data/mzn-challenge/2022/triangular/n39.dzn","SATISFIED","","12040","28","3863","25.473","3303188","","207966","206441","tmp","iris","","2982809","0","Turbo","264.25","0","2.93027","0","0","188.581","17","2.787","105136","0","turbo.gpu.release","","207966","maximize","global","v1.2.4","29.693","32000","9.863","781","77997","36.423","101271","25.159","4096","/tmp/mznfileYjWtZu.fzn","163066","96","80","yes","300.011","80","","1","300000","96","7.755","0","256","1.118","309239","1663788","0","hybrid","0","2024-12-29T15:34:12.037572"
"turbo-gpu-release_v1.2.4_gpu_spot5_404_1cores_80threads_timeout300000ms_gpu","spot5","../data/mzn-challenge/2022/spot5/spot5.mzn","../data/mzn-challenge/2022/spot5/404.dzn","SATISFIED","","12040","1","1112","0.664","546321","100","22195","28446","tmp","iris","100","46814158","0","Turbo","284.806","156","0.168682","1428","0","78.088","35","0.282","8124","0","turbo.gpu.release","","22053","minimize","global","v1.2.4","0.0","32000","2.77","811","1406579","0.0","1439","0.656","4096","/tmp/mznfilezNFVEu.fzn","2819605","131","80","yes","300.059","80","","1","300000","87","0.0","0","256","205.523","29065","177808","26","gpu","0","2024-12-28T02:57:14.119054"
"turbo-gpu-release_v1.2.4_gpu_dcmst_c_v20_a190_d4_1cores_80threads_timeout300000ms_gpu","diameterc-mst","../data/mzn-challenge/2022/diameterc-mst/dcmst.mzn","../data/mzn-challenge/2022/diameterc-mst/c_v20_a190_d4.dzn","SATISFIED","","12040","1","3045","0.349","209361","2141","7336","10896","tmp","iris","1571","31641151","0","Turbo","69.104","0","0.258385","1428","0","19.676","63","2.135","6962","0","turbo.gpu.release","","7336","minimize","global","v1.2.4","0.0","32000","1.466","252","641181","0.0","1785","0.344","4096","/tmp/mznfilevJ2uP5.fzn","1323674","378","80","yes","300.047","80","3852","1","300000","37","0.0","67","256","49.775","11253","58936","4093","gpu","0","2024-12-28T03:07:35.535833"
"turbo-gpu-release_v1.2.4_gpu_wordpress_Wordpress7_Offers500_1cores_80threads_timeout300000ms_gpu","wordpress","../data/mzn-challenge/2022/wordpress/wordpress.mzn","../data/mzn-challenge/2022/wordpress/Wordpress7_Offers500.dzn","SATISFIED","","12040","1","683","5.74","2337316","36","92726","121727","tmp","iris","36","23077985","0","Turbo","100.921","0","0.193931","1428","0","225.874","1429","0.483","30909","0","turbo.gpu.release","","92726","minimize","global","v1.2.4","0.0","32000","1.726","182","70909","0.0","300","5.67","4096","/tmp/mznfileo9erSX.fzn","148588","65408","80","yes","300.031","80","20","1","300000","118","0.0","0","256","48.566","122952","742056","0","gpu","0","2024-12-28T02:52:07.386631"
"turbo-gpu-release_v1.2.4_hybrid_triangular_n39_14cores_160threads_timeout300000ms_hybrid","triangular","../data/mzn-challenge/2022/triangular/triangular.mzn","../data/mzn-challenge/2022/triangular/n39.dzn","SATISFIED","","12040","14","3863","24.331","3303188","","207966","206441","tmp","iris","","2869547","0","Turbo","255.871","0","2.92271","0","0","178.004","11","5.565","105136","0","turbo.gpu.release","","207966","maximize","global","v1.2.4","35.169","32000","15.289","781","71414","32.362","101271","24.18","4096","/tmp/mznfileZUb0My.fzn","156546","96","160","yes","300.097","160","","1","300000","94","7.792","0","256","1.222","309239","1663788","0","hybrid","0","2024-12-28T11:27:07.776245"
"turbo-gpu-release_v1.2.4_hybrid_bool-model-sickness_small-4_14cores_160threads_timeout300000ms_hybrid","roster-sickness","../data/mzn-challenge/2022/roster-sickness/bool-model-sickness.mzn","../data/mzn-challenge/2022/roster-sickness/small-4.dzn","SATISFIED","","12040","14","4980","0.161","68180","1444","7978","4253","tmp","iris","","59473003","0","Turbo","298.908","0","1.2211","0","0","93.753","25","0.502","6067","0","turbo.gpu.release","","7978","maximize","global","v1.2.4","130.012","32000","40.33","344","1654852","39.441","1394","0.16","4096","/tmp/mznfileRjSYOZ.fzn","3315393","14457","160","yes","300.084","160","","1","300000","36","10.512","0","256","0.416","9116","63884","305","hybrid","0","2024-12-28T11:48:32.475224"
"turbo-gpu-release_v1.2.4_hybrid_model_data3_5_31_14cores_160threads_timeout300000ms_hybrid","team-assignment","../data/mzn-challenge/2022/team-assignment/model.mzn","../data/mzn-challenge/2022/team-assignment/data3_5_31.dzn","SATISFIED","","12040","14","15932","1.468","591204","7764","35445","36942","tmp","iris","7764","23538394","0","Turbo","294.557","0","0.537568","0","0","217.157","118","1.382","25684","0","turbo.gpu.release","","35445","maximize","global","v1.2.4","48.507","32000","14.771","7982","417607","15.74","17514","1.459","4096","/tmp/mznfileRFwpNY.fzn","855017","9249","160","yes","300.093","160","","1","300000","144","6.956","0","256","0.934","45197","283620","0","hybrid","0","2024-12-28T11:53:57.403644"
"turbo-gpu-release_v1.2.4_hybrid_gfd-schedule2_n55f2d50m30k3_10124_14cores_160threads_timeout300000ms_hybrid","gfd-schedule","../data/mzn-challenge/2022/gfd-schedule/gfd-schedule2.mzn","../data/mzn-challenge/2022/gfd-schedule/n55f2d50m30k3_10124.dzn","SATISFIED","","12040","14","32604","3.309","1215396","16973","67749","75954","tmp","iris","11641","10635488","0","Turbo","289.537","12","0.564661","0","0","230.962","9","1.944","54575","0","turbo.gpu.release","","67749","minimize","global","v1.2.4","34.246","32000","11.857","13350","190121","14.652","25585","3.288","4096","/tmp/mznfileDb58Vb.fzn","385497","5205","160","yes","300.088","160","7659","1","300000","53","5.801","0","256","0.57","89720","542052","0","hybrid","0","2024-12-28T11:22:02.563113"
"turbo-gpu-release_v1.2.4_hybrid_triangular_n39_28cores_160threads_timeout300000ms_hybrid","triangular","../data/mzn-challenge/2022/triangular/triangular.mzn","../data/mzn-challenge/2022/triangular/n39.dzn","SATISFIED","","12040","28","3863","24.54","3303188","","207966","206441","tmp","iris","","2846532","0","Turbo","255.456","0","3.27713","0","0","174.565","24","5.56","105136","0","turbo.gpu.release","","207966","maximize","global","v1.2.4","40.378","32000","15.531","781","70863","30.619","101271","24.387","4096","/tmp/mznfilefNQOUK.fzn","155495","96","160","yes","300.087","160","","1","300000","94","7.57","0","256","2.441","309239","1663788","0","hybrid","0","2024-12-29T15:37:06.677621"
"turbo-gpu-release_v1.2.4_hybrid_accap_accap_a4_f30_t15_14cores_80threads_timeout300000ms_hybrid","accap","../data/mzn-challenge/2022/accap/accap.mzn","../data/mzn-challenge/2022/accap/accap_a4_f30_t15.json","SATISFIED","","12040","14","530","0.07","40228","460","2319","2506","tmp","iris","460","217856731","0","Turbo","299.688","226","0.0939347","18752","0","45.681","49","0.138","993","0","turbo.gpu.release","","2319","minimize","store_shared","v1.2.4","215.216","32000","22.367","36","5291199","12.364","689","0.07","4096","/tmp/mznfileRleWU2.fzn","10585749","120","80","yes","300.044","80","230","1","300000","99","9.646","0","256","0.924","2782","18612","19","hybrid","0","2024-12-28T04:13:41.781336"
"turbo-gpu-release_v1.2.4_gpu_bool-model-sickness_small-4_1cores_80threads_timeout300000ms_gpu","roster-sickness","../data/mzn-challenge/2022/roster-sickness/bool-model-sickness.mzn","../data/mzn-challenge/2022/roster-sickness/small-4.dzn","SATISFIED","","12040","1","4980","0.183","81816","1444","7978","4253","tmp","iris","","131943867","0","Turbo","287.444","0","1.33817","1428","0","41.835","54","0.112","6067","0","turbo.gpu.release","","7978","maximize","global","v1.2.4","0.0","32000","1.429","344","3660068","0.0","1394","0.181","4096","/tmp/mznfile6BCQtP.fzn","7323732","14457","80","yes","300.095","80","","1","300000","41","0.0","0","256","249.571","9116","64072","217","gpu","0","2024-12-28T03:07:21.970958"
