"configuration","problem","model","data_file","status","time","run","objective"
"turbo-gpu-release_v1.2.9_barebones_wac1_0_triangular_n9_1cores_0threads_timeout1200000ms_eps_var_order_random_eps_value_order_split","triangular","../data/mzn-challenge/2024/triangular/triangular.mzn","../data/mzn-challenge/2024/triangular/n9.dzn","","3.203","tmp","17"
"turbo-gpu-release_v1.2.9_barebones_wac1_0_hoist-benchmark_PU_3_2_1_1cores_0threads_timeout1200000ms_eps_var_order_random_eps_value_order_split","hoist-benchmark","../data/mzn-challenge/2024/hoist-benchmark/hoist-benchmark.mzn","../data/mzn-challenge/2024/hoist-benchmark/PU_3_2_1.dzn","","1200.589","tmp","1286"
"turbo-gpu-release_v1.2.9_barebones_wac1_0_word_equations_01_track_140-int_empty_1cores_0threads_timeout1200000ms_eps_var_order_random_eps_value_order_split","word-equations","../data/mzn-challenge/2024/word-equations/word_equations_01_track_140-int.mzn","../data/mzn-challenge/2024/word-equations/empty.dzn","","9.004","tmp","3"
"turbo-gpu-release_v1.2.9_barebones_wac1_0_harmony_canon_1cores_0threads_timeout1200000ms_eps_var_order_random_eps_value_order_split","harmony","../data/mzn-challenge/2024/harmony/harmony.mzn","../data/mzn-challenge/2024/harmony/canon.dzn","","1201.75","tmp","96"
"turbo-gpu-release_v1.2.9_barebones_wac1_0_peaceable_queens_mznc2021_pq_n19_1cores_0threads_timeout1200000ms_eps_var_order_random_eps_value_order_split","peacable_queens","../data/mzn-challenge/2024/peacable_queens/peaceable_queens_mznc2021.mzn","../data/mzn-challenge/2024/peacable_queens/pq_n19.dzn","","1201.888","tmp","11"
"turbo-gpu-release_v1.2.9_barebones_wac1_0_accap_accap_a30_f300_t120_1cores_0threads_timeout1200000ms_eps_var_order_random_eps_value_order_split","accap","../data/mzn-challenge/2024/accap/accap.mzn","../data/mzn-challenge/2024/accap/accap_a30_f300_t120.json","","1200.927","tmp","2761"
"turbo-gpu-release_v1.2.9_barebones_wac1_0_compression_bin_10_1cores_0threads_timeout1200000ms_eps_var_order_random_eps_value_order_split","compression","../data/mzn-challenge/2024/compression/compression.mzn","../data/mzn-challenge/2024/compression/bin_10.json","","1200.143","tmp","28"
"turbo-gpu-release_v1.2.9_barebones_wac1_0_accap_accap_a8_f50_t30_1cores_0threads_timeout1200000ms_eps_var_order_random_eps_value_order_split","accap","../data/mzn-challenge/2024/accap/accap.mzn","../data/mzn-challenge/2024/accap/accap_a8_f50_t30.json","","1200.161","tmp","254"
"turbo-gpu-release_v1.2.9_barebones_wac1_0_graph_clear_cp_planar_n20_seed2022_16_1cores_0threads_timeout1200000ms_eps_var_order_random_eps_value_order_split","graph-clear","../data/mzn-challenge/2024/graph-clear/graph_clear_cp.mzn","../data/mzn-challenge/2024/graph-clear/planar_n20_seed2022_16.json","","1200.652","tmp","71"
"turbo-gpu-release_v1.2.9_barebones_wac1_0_peaceable_queens_mznc2021_pq_n7_1cores_0threads_timeout1200000ms_eps_var_order_random_eps_value_order_split","peacable_queens","../data/mzn-challenge/2024/peacable_queens/peaceable_queens_mznc2021.mzn","../data/mzn-challenge/2024/peacable_queens/pq_n7.dzn","","1200.245","tmp","6"
"turbo-gpu-release_v1.2.9_barebones_wac1_0_graph_clear_cp_planar_n30_seed2022_4_1cores_0threads_timeout1200000ms_eps_var_order_random_eps_value_order_split","graph-clear","../data/mzn-challenge/2024/graph-clear/graph_clear_cp.mzn","../data/mzn-challenge/2024/graph-clear/planar_n30_seed2022_4.json","","1200.931","tmp","92"
"turbo-gpu-release_v1.2.9_barebones_wac1_0_graph_clear_cp_planar_n30_seed2022_8_1cores_0threads_timeout1200000ms_eps_var_order_random_eps_value_order_split","graph-clear","../data/mzn-challenge/2024/graph-clear/graph_clear_cp.mzn","../data/mzn-challenge/2024/graph-clear/planar_n30_seed2022_8.json","","1200.961","tmp","85"
"turbo-gpu-release_v1.2.9_barebones_wac1_0_concert-hall-cap_concert_150_20_1cores_0threads_timeout1200000ms_eps_var_order_random_eps_value_order_split","concert-hall-cap","../data/mzn-challenge/2024/concert-hall-cap/concert-hall-cap.mzn","../data/mzn-challenge/2024/concert-hall-cap/concert_150_20.json","","1201.124","tmp","1477089"
"turbo-gpu-release_v1.2.9_barebones_wac1_0_concert-hall-cap_concert_200_20_1cores_0threads_timeout1200000ms_eps_var_order_random_eps_value_order_split","concert-hall-cap","../data/mzn-challenge/2024/concert-hall-cap/concert-hall-cap.mzn","../data/mzn-challenge/2024/concert-hall-cap/concert_200_20.json","","1201.601","tmp","1899817"
"turbo-gpu-release_v1.2.9_barebones_wac1_0_peaceable_queens_mznc2021_pq_n12_1cores_0threads_timeout1200000ms_eps_var_order_random_eps_value_order_split","peacable_queens","../data/mzn-challenge/2024/peacable_queens/peaceable_queens_mznc2021.mzn","../data/mzn-challenge/2024/peacable_queens/pq_n12.dzn","","1200.593","tmp","11"
"turbo-gpu-release_v1.2.9_barebones_wac1_0_TinyCVRP_ExactlyOneSolution_easy_instance_04_1cores_0threads_timeout1200000ms_eps_var_order_random_eps_value_order_split","tiny-cvrp","../data/mzn-challenge/2024/tiny-cvrp/TinyCVRP_ExactlyOneSolution.mzn","../data/mzn-challenge/2024/tiny-cvrp/easy_instance_04.dzn","","1200.238","tmp","454"
"turbo-gpu-release_v1.2.9_barebones_wac1_0_concert-hall-cap_concert-cap.mznc2018.04_1cores_0threads_timeout1200000ms_eps_var_order_random_eps_value_order_split","concert-hall-cap","../data/mzn-challenge/2024/concert-hall-cap/concert-hall-cap.mzn","../data/mzn-challenge/2024/concert-hall-cap/concert-cap.mznc2018.04.dzn","","1200.388","tmp","36474"
"turbo-gpu-release_v1.2.9_barebones_wac1_0_foxgeesecorn_foxgeesecorn_19_1cores_0threads_timeout1200000ms_eps_var_order_random_eps_value_order_split","fox-geese-corn","../data/mzn-challenge/2024/fox-geese-corn/foxgeesecorn.mzn","../data/mzn-challenge/2024/fox-geese-corn/foxgeesecorn_19.dzn","","1200.227","tmp","163"
"turbo-gpu-release_v1.2.9_barebones_wac1_0_aircraft_B737NG-600-02-Anon.json_1cores_0threads_timeout1200000ms_eps_var_order_random_eps_value_order_split","aircraft-disassembly","../data/mzn-challenge/2024/aircraft-disassembly/aircraft.mzn","../data/mzn-challenge/2024/aircraft-disassembly/B737NG-600-02-Anon.json.dzn","","1212.182","tmp","7890000"
"turbo-gpu-release_v1.2.9_barebones_wac1_0_triangular_n11_1cores_0threads_timeout1200000ms_eps_var_order_random_eps_value_order_split","triangular","../data/mzn-challenge/2024/triangular/triangular.mzn","../data/mzn-challenge/2024/triangular/n11.dzn","","884.532","tmp","22"
"turbo-gpu-release_v1.2.9_barebones_wac1_0_harmony_brother_1cores_0threads_timeout1200000ms_eps_var_order_random_eps_value_order_split","harmony","../data/mzn-challenge/2024/harmony/harmony.mzn","../data/mzn-challenge/2024/harmony/brother.dzn","","1201.558","tmp","67"
"turbo-gpu-release_v1.2.9_barebones_wac1_0_neighbours-rect_neightbours-new-6_1cores_0threads_timeout1200000ms_eps_var_order_random_eps_value_order_split","neighbours","../data/mzn-challenge/2024/neighbours/neighbours-rect.mzn","../data/mzn-challenge/2024/neighbours/neightbours-new-6.dzn","","1200.21","tmp","76"
"turbo-gpu-release_v1.2.9_barebones_wac1_0_harmony_ode_1cores_0threads_timeout1200000ms_eps_var_order_random_eps_value_order_split","harmony","../data/mzn-challenge/2024/harmony/harmony.mzn","../data/mzn-challenge/2024/harmony/ode.dzn","","1201.564","tmp","51"
"turbo-gpu-release_v1.2.9_barebones_wac1_0_ctw_A041_1cores_0threads_timeout1200000ms_eps_var_order_random_eps_value_order_split","cable-tree-wiring","../data/mzn-challenge/2024/cable-tree-wiring/ctw.mzn","../data/mzn-challenge/2024/cable-tree-wiring/A041.dzn","","1200.608","tmp","2419252"
"turbo-gpu-release_v1.2.9_barebones_wac1_0_harmony_twinkle_1cores_0threads_timeout1200000ms_eps_var_order_random_eps_value_order_split","harmony","../data/mzn-challenge/2024/harmony/harmony.mzn","../data/mzn-challenge/2024/harmony/twinkle.dzn","","1200.832","tmp","42"
"turbo-gpu-release_v1.2.9_barebones_wac1_0_monitor_1id_igp_weight_based_rocketfuel_rf6461_real_hard_1cores_0threads_timeout1200000ms_eps_var_order_random_eps_value_order_split","monitor-placement-1id","../data/mzn-challenge/2024/monitor-placement-1id/monitor_1id.mzn","../data/mzn-challenge/2024/monitor-placement-1id/igp_weight_based_rocketfuel_rf6461_real_hard.dzn","","1636.793","tmp","68"
"turbo-gpu-release_v1.2.9_barebones_wac1_0_aircraft_B737NG-600-01-Anon.json_1cores_0threads_timeout1200000ms_eps_var_order_random_eps_value_order_split","aircraft-disassembly","../data/mzn-challenge/2024/aircraft-disassembly/aircraft.mzn","../data/mzn-challenge/2024/aircraft-disassembly/B737NG-600-01-Anon.json.dzn","","1205.309","tmp","3347000"
"turbo-gpu-release_v1.2.9_barebones_wac1_0_hoist-benchmark_PU_2_4_3_1cores_0threads_timeout1200000ms_eps_var_order_random_eps_value_order_split","hoist-benchmark","../data/mzn-challenge/2024/hoist-benchmark/hoist-benchmark.mzn","../data/mzn-challenge/2024/hoist-benchmark/PU_2_4_3.dzn","","1200.453","tmp","370"
"turbo-gpu-release_v1.2.9_barebones_wac1_0_monitor_1id_igp_weight_based_rocketfuel_rf1755_real_hard_1cores_0threads_timeout1200000ms_eps_var_order_random_eps_value_order_split","monitor-placement-1id","../data/mzn-challenge/2024/monitor-placement-1id/monitor_1id.mzn","../data/mzn-challenge/2024/monitor-placement-1id/igp_weight_based_rocketfuel_rf1755_real_hard.dzn","","137.137","tmp","36"
"turbo-gpu-release_v1.2.9_barebones_wac1_0_portal_random_10_9_10_1cores_0threads_timeout1200000ms_eps_var_order_random_eps_value_order_split","portal","../data/mzn-challenge/2024/portal/portal.mzn","../data/mzn-challenge/2024/portal/random_10_9_10.json","","8.056","tmp","9"
"turbo-gpu-release_v1.2.9_barebones_wac1_0_word_equations_02_track_8-int_empty_1cores_0threads_timeout1200000ms_eps_var_order_random_eps_value_order_split","word-equations","../data/mzn-challenge/2024/word-equations/word_equations_02_track_8-int.mzn","../data/mzn-challenge/2024/word-equations/empty.dzn","","1200.401","tmp","2"
"turbo-gpu-release_v1.2.9_barebones_wac1_0_neighbours-rect_neightbours-new-2_1cores_0threads_timeout1200000ms_eps_var_order_random_eps_value_order_split","neighbours","../data/mzn-challenge/2024/neighbours/neighbours-rect.mzn","../data/mzn-challenge/2024/neighbours/neightbours-new-2.dzn","","1.155","tmp","17"
"turbo-gpu-release_v1.2.9_barebones_wac1_0_monitor_1id_igp_weight_based_defo_rf6461_real_hard_1cores_0threads_timeout1200000ms_eps_var_order_random_eps_value_order_split","monitor-placement-1id","../data/mzn-challenge/2024/monitor-placement-1id/monitor_1id.mzn","../data/mzn-challenge/2024/monitor-placement-1id/igp_weight_based_defo_rf6461_real_hard.dzn","","1643.597","tmp","68"
"turbo-gpu-release_v1.2.9_barebones_wac1_0_community-detection_Zakhary.s12.k3_1cores_0threads_timeout1200000ms_eps_var_order_random_eps_value_order_split","community-detection","../data/mzn-challenge/2024/community-detection/community-detection.mzn","../data/mzn-challenge/2024/community-detection/Zakhary.s12.k3.dzn","","87.655","tmp","595004"
"turbo-gpu-release_v1.2.9_barebones_wac1_0_compression_bin_7_1cores_0threads_timeout1200000ms_eps_var_order_random_eps_value_order_split","compression","../data/mzn-challenge/2024/compression/compression.mzn","../data/mzn-challenge/2024/compression/bin_7.json","","1200.207","tmp","25"
"turbo-gpu-release_v1.2.9_barebones_wac1_0_peaceable_queens_mznc2021_pq_n9_1cores_0threads_timeout1200000ms_eps_var_order_random_eps_value_order_split","peacable_queens","../data/mzn-challenge/2024/peacable_queens/peaceable_queens_mznc2021.mzn","../data/mzn-challenge/2024/peacable_queens/pq_n9.dzn","","1200.318","tmp","10"
"turbo-gpu-release_v1.2.9_barebones_wac1_0_hoist-benchmark_PU_3_4_3_1cores_0threads_timeout1200000ms_eps_var_order_random_eps_value_order_split","hoist-benchmark","../data/mzn-challenge/2024/hoist-benchmark/hoist-benchmark.mzn","../data/mzn-challenge/2024/hoist-benchmark/PU_3_4_3.dzn","","1200.515","tmp","526"
"turbo-gpu-release_v1.2.9_barebones_wac1_0_accap_accap_a20_f160_t90_1cores_0threads_timeout1200000ms_eps_var_order_random_eps_value_order_split","accap","../data/mzn-challenge/2024/accap/accap.mzn","../data/mzn-challenge/2024/accap/accap_a20_f160_t90.json","","1200.399","tmp","1383"
"turbo-gpu-release_v1.2.9_barebones_wac1_0_triangular_n14_1cores_0threads_timeout1200000ms_eps_var_order_random_eps_value_order_split","triangular","../data/mzn-challenge/2024/triangular/triangular.mzn","../data/mzn-challenge/2024/triangular/n14.dzn","","1200.299","tmp","30"
"turbo-gpu-release_v1.2.9_barebones_wac1_0_community-detection_Polblogs.s2480.k2_1cores_0threads_timeout1200000ms_eps_var_order_random_eps_value_order_split","community-detection","../data/mzn-challenge/2024/community-detection/community-detection.mzn","../data/mzn-challenge/2024/community-detection/Polblogs.s2480.k2.dzn","","18.288","tmp","80137090"
"turbo-gpu-release_v1.2.9_barebones_wac1_0_community-detection_Zakhary.s12.k4_1cores_0threads_timeout1200000ms_eps_var_order_random_eps_value_order_split","community-detection","../data/mzn-challenge/2024/community-detection/community-detection.mzn","../data/mzn-challenge/2024/community-detection/Zakhary.s12.k4.dzn","","1200.417","tmp","574362"
"turbo-gpu-release_v1.2.9_barebones_wac1_0_TinyCVRP_ExactlyOneSolution_medium_instance_06_1cores_0threads_timeout1200000ms_eps_var_order_random_eps_value_order_split","tiny-cvrp","../data/mzn-challenge/2024/tiny-cvrp/TinyCVRP_ExactlyOneSolution.mzn","../data/mzn-challenge/2024/tiny-cvrp/medium_instance_06.dzn","","1200.35","tmp","2064"
"turbo-gpu-release_v1.2.9_barebones_wac1_0_peaceable_queens_mznc2021_pq_n35_1cores_0threads_timeout1200000ms_eps_var_order_random_eps_value_order_split","peacable_queens","../data/mzn-challenge/2024/peacable_queens/peaceable_queens_mznc2021.mzn","../data/mzn-challenge/2024/peacable_queens/pq_n35.dzn","","1219.654","tmp","7"
"turbo-gpu-release_v1.2.9_barebones_wac1_0_portal_random_10_0_100_1cores_0threads_timeout1200000ms_eps_var_order_random_eps_value_order_split","portal","../data/mzn-challenge/2024/portal/portal.mzn","../data/mzn-challenge/2024/portal/random_10_0_100.json","","1201.427","tmp","93"
"turbo-gpu-release_v1.2.9_barebones_wac1_0_graph_clear_cp_planar_n20_seed2022_15_1cores_0threads_timeout1200000ms_eps_var_order_random_eps_value_order_split","graph-clear","../data/mzn-challenge/2024/graph-clear/graph_clear_cp.mzn","../data/mzn-challenge/2024/graph-clear/planar_n20_seed2022_15.json","","1200.687","tmp","54"
"turbo-gpu-release_v1.2.9_barebones_wac1_0_harmony_minuet_1cores_0threads_timeout1200000ms_eps_var_order_random_eps_value_order_split","harmony","../data/mzn-challenge/2024/harmony/harmony.mzn","../data/mzn-challenge/2024/harmony/minuet.dzn","","1201.519","tmp","60"
"turbo-gpu-release_v1.2.9_barebones_wac1_0_foxgeesecorn_fgc_20_20_22_00_1cores_0threads_timeout1200000ms_eps_var_order_random_eps_value_order_split","fox-geese-corn","../data/mzn-challenge/2024/fox-geese-corn/foxgeesecorn.mzn","../data/mzn-challenge/2024/fox-geese-corn/fgc_20_20_22_00.dzn","","1200.184","tmp","149"
"turbo-gpu-release_v1.2.9_barebones_wac1_0_monitor_1id_hop_counting_based_zoo_Forthnet_1cores_0threads_timeout1200000ms_eps_var_order_random_eps_value_order_split","monitor-placement-1id","../data/mzn-challenge/2024/monitor-placement-1id/monitor_1id.mzn","../data/mzn-challenge/2024/monitor-placement-1id/hop_counting_based_zoo_Forthnet.dzn","","16.986","tmp","52"
"turbo-gpu-release_v1.2.9_barebones_wac1_0_portal_small_3_1cores_0threads_timeout1200000ms_eps_var_order_random_eps_value_order_split","portal","../data/mzn-challenge/2024/portal/portal.mzn","../data/mzn-challenge/2024/portal/small_3.dzn","","1200.304","tmp","22"
"turbo-gpu-release_v1.2.9_barebones_wac1_0_triangular_n31_1cores_0threads_timeout1200000ms_eps_var_order_random_eps_value_order_split","triangular","../data/mzn-challenge/2024/triangular/triangular.mzn","../data/mzn-challenge/2024/triangular/n31.dzn","","1201.059","tmp","78"
"turbo-gpu-release_v1.2.9_barebones_wac1_0_trains_trains15_1cores_0threads_timeout1200000ms_eps_var_order_random_eps_value_order_split","train-scheduling","../data/mzn-challenge/2024/train-scheduling/trains.mzn","../data/mzn-challenge/2024/train-scheduling/trains15.dzn","","1200.674","tmp","10"
"turbo-gpu-release_v1.2.9_barebones_wac1_0_hoist-benchmark_PU_2_8_4_1cores_0threads_timeout1200000ms_eps_var_order_random_eps_value_order_split","hoist-benchmark","../data/mzn-challenge/2024/hoist-benchmark/hoist-benchmark.mzn","../data/mzn-challenge/2024/hoist-benchmark/PU_2_8_4.dzn","","1200.416","tmp","292"
"turbo-gpu-release_v1.2.9_barebones_wac1_0_efm_cstr_toy_network_1000_m_1cores_0threads_timeout1200000ms_eps_var_order_random_eps_value_order_split","network_50_cstr","../data/mzn-challenge/2024/network_50_cstr/efm_cstr.mzn","../data/mzn-challenge/2024/network_50_cstr/toy_network_1000_m.dzn","","26.667","tmp","2"
"turbo-gpu-release_v1.2.9_barebones_wac1_0_efm_cstr_MODEL2204150001_1cores_0threads_timeout1200000ms_eps_var_order_random_eps_value_order_split","network_50_cstr","../data/mzn-challenge/2024/network_50_cstr/efm_cstr.mzn","../data/mzn-challenge/2024/network_50_cstr/MODEL2204150001.dzn","","52.924","tmp","3"
"turbo-gpu-release_v1.2.9_barebones_wac1_0_foxgeesecorn_foxgeesecorn_17_1cores_0threads_timeout1200000ms_eps_var_order_random_eps_value_order_split","fox-geese-corn","../data/mzn-challenge/2024/fox-geese-corn/foxgeesecorn.mzn","../data/mzn-challenge/2024/fox-geese-corn/foxgeesecorn_17.dzn","","1200.21","tmp","126"
"turbo-gpu-release_v1.2.9_barebones_wac1_0_accap_accap_a3_f20_t10_1cores_0threads_timeout1200000ms_eps_var_order_random_eps_value_order_split","accap","../data/mzn-challenge/2024/accap/accap.mzn","../data/mzn-challenge/2024/accap/accap_a3_f20_t10.json","","1200.145","tmp","116"
"turbo-gpu-release_v1.2.9_barebones_wac1_0_compression_bin_8_1cores_0threads_timeout1200000ms_eps_var_order_random_eps_value_order_split","compression","../data/mzn-challenge/2024/compression/compression.mzn","../data/mzn-challenge/2024/compression/bin_8.json","","1200.183","tmp","63"
"turbo-gpu-release_v1.2.9_barebones_wac1_0_accap_accap_a10_f80_t50_1cores_0threads_timeout1200000ms_eps_var_order_random_eps_value_order_split","accap","../data/mzn-challenge/2024/accap/accap.mzn","../data/mzn-challenge/2024/accap/accap_a10_f80_t50.json","","1200.194","tmp","564"
"turbo-gpu-release_v1.2.9_barebones_wac1_0_foxgeesecorn_fgc_06_26_08_00_1cores_0threads_timeout1200000ms_eps_var_order_random_eps_value_order_split","fox-geese-corn","../data/mzn-challenge/2024/fox-geese-corn/foxgeesecorn.mzn","../data/mzn-challenge/2024/fox-geese-corn/fgc_06_26_08_00.dzn","","1200.167","tmp","40"
"turbo-gpu-release_v1.2.9_barebones_wac1_0_graph_clear_cp_planar_n20_seed2022_14_1cores_0threads_timeout1200000ms_eps_var_order_random_eps_value_order_split","graph-clear","../data/mzn-challenge/2024/graph-clear/graph_clear_cp.mzn","../data/mzn-challenge/2024/graph-clear/planar_n20_seed2022_14.json","","1200.621","tmp","68"
"turbo-gpu-release_v1.2.9_barebones_wac1_0_ctw_A046_1cores_0threads_timeout1200000ms_eps_var_order_random_eps_value_order_split","cable-tree-wiring","../data/mzn-challenge/2024/cable-tree-wiring/ctw.mzn","../data/mzn-challenge/2024/cable-tree-wiring/A046.dzn","","1200.731","tmp","18590821"
"turbo-gpu-release_v1.2.9_barebones_wac1_0_TinyCVRP_ExactlyOneSolution_medium_instance_11_1cores_0threads_timeout1200000ms_eps_var_order_random_eps_value_order_split","tiny-cvrp","../data/mzn-challenge/2024/tiny-cvrp/TinyCVRP_ExactlyOneSolution.mzn","../data/mzn-challenge/2024/tiny-cvrp/medium_instance_11.dzn","","1200.408","tmp","2409"
"turbo-gpu-release_v1.2.9_barebones_wac1_0_community-detection_mexican.s26.k4_1cores_0threads_timeout1200000ms_eps_var_order_random_eps_value_order_split","community-detection","../data/mzn-challenge/2024/community-detection/community-detection.mzn","../data/mzn-challenge/2024/community-detection/mexican.s26.k4.dzn","","16.718","tmp","715070"
"turbo-gpu-release_v1.2.9_barebones_wac1_0_hoist-benchmark_PU_2_2_3_1cores_0threads_timeout1200000ms_eps_var_order_random_eps_value_order_split","hoist-benchmark","../data/mzn-challenge/2024/hoist-benchmark/hoist-benchmark.mzn","../data/mzn-challenge/2024/hoist-benchmark/PU_2_2_3.dzn","","1200.54","tmp","559"
"turbo-gpu-release_v1.2.9_barebones_wac1_0_foxgeesecorn_foxgeesecorn_61_1cores_0threads_timeout1200000ms_eps_var_order_random_eps_value_order_split","fox-geese-corn","../data/mzn-challenge/2024/fox-geese-corn/foxgeesecorn.mzn","../data/mzn-challenge/2024/fox-geese-corn/foxgeesecorn_61.dzn","","1200.206","tmp","31"
"turbo-gpu-release_v1.2.9_barebones_wac1_0_community-detection_adjourn.s200.k3_1cores_0threads_timeout1200000ms_eps_var_order_random_eps_value_order_split","community-detection","../data/mzn-challenge/2024/community-detection/community-detection.mzn","../data/mzn-challenge/2024/community-detection/adjourn.s200.k3.dzn","","6.195","tmp","-892763"
"turbo-gpu-release_v1.2.9_barebones_wac1_0_monitor_1id_hop_counting_based_caida_139203_1cores_0threads_timeout1200000ms_eps_var_order_random_eps_value_order_split","monitor-placement-1id","../data/mzn-challenge/2024/monitor-placement-1id/monitor_1id.mzn","../data/mzn-challenge/2024/monitor-placement-1id/hop_counting_based_caida_139203.dzn","","648.734","tmp","126"
"turbo-gpu-release_v1.2.9_barebones_wac1_0_ctw_A033_1cores_0threads_timeout1200000ms_eps_var_order_random_eps_value_order_split","cable-tree-wiring","../data/mzn-challenge/2024/cable-tree-wiring/ctw.mzn","../data/mzn-challenge/2024/cable-tree-wiring/A033.dzn","","1200.721","tmp","14409942"
"turbo-gpu-release_v1.2.9_barebones_wac1_0_triangular_n20_1cores_0threads_timeout1200000ms_eps_var_order_random_eps_value_order_split","triangular","../data/mzn-challenge/2024/triangular/triangular.mzn","../data/mzn-challenge/2024/triangular/n20.dzn","","1200.308","tmp","47"
